filename,ground_truth,prediction,confidences
ADNI_137_S_4623_MR_MPRAGE_br_raw_20121112150401784_83_S174216_I346141.nii.gz,T1,T1,12.03;87.97
ADNI_136_S_0107_MR_Axial_PD_T2_FSE__br_raw_20080225144642672_1_S46155_I92492.nii.gz,PD,PD,67.37;32.63
ADNI_037_S_4146_MR_MPRAGE_br_raw_20130923155524474_39_S201819_I391537.nii.gz,T1,T1,4.88;95.12
ADNI_137_S_0994_MR_Axial_PD_T2_FSE__br_raw_20081204135806786_1_S60514_I129207.nii.gz,PD,PD,88.78;11.22
ADNI_032_S_0147_MR____________MPRAGE__br_raw_20070221181940569_1_S26883_I41234.nii.gz,T1,T1,7.22;92.78
ADNI_041_S_4989_MR_MPRAGE_br_raw_20121019135519032_133_S171438_I341287.nii.gz,T1,T1,7.48;92.52
ADNI_002_S_2010_MR_MPRAGE_br_raw_20110122171028174_96_S98069_I213880.nii.gz,T1,T1,13.16;86.84
ADNI_021_S_0753_MR_Axial_PD_T2_FSE__br_raw_20070315133959498_5_S28162_I44824.nii.gz,PD,PD,94.05;5.95
ADNI_067_S_2304_MR_MPRAGE_br_raw_20140319135917488_149_S214348_I417140.nii.gz,T1,T1,5.77;94.23
ADNI_073_S_2154_MR_MPRAGE_br_raw_20101101165354938_93_S93987_I200978.nii.gz,T1,T1,4.52;95.48
ADNI_130_S_4468_MR_MPRAGE_br_raw_20120202122146646_16_S139435_I282292.nii.gz,T1,T1,18.64;81.36
ADNI_031_S_4194_MR_MPRAGE_br_raw_20111202161409273_94_S131659_I269697.nii.gz,T1,T1,12.27;87.73
ADNI_136_S_0579_MR_Axial_PD_T2_FSE__br_raw_20080819103722495_1_S55494_I116327.nii.gz,PD,PD,78.77;21.23
ADNI_012_S_4094_MR_MPRAGE_br_raw_20111010130404859_148_S124904_I260301.nii.gz,T1,T1,15.11;84.89
ADNI_002_S_0954_MR_Axial_PD_T2_FSE__br_raw_20061011164601307_1_S19977_I26137.nii.gz,PD,PD,60.32;39.68
ADNI_016_S_0769_MR_MPRAGE_br_raw_20070326094746455_98_S28899_I46724.nii.gz,T1,T1,2.05;97.95
ADNI_051_S_1072_MR_MPRAGE_br_raw_20071213113903625_98_S43798_I84916.nii.gz,T1,T1,10.44;89.56
ADNI_073_S_4795_MR_MPRAGE_br_raw_20131206170743804_166_S207715_I400951.nii.gz,T1,T1,6.76;93.24
ADNI_002_S_1155_MR_Axial_PD_T2_FSE__br_raw_20080116154812103_1_S44641_I87698.nii.gz,PD,PD,85.03;14.97
ADNI_013_S_2324_MR_MPRAGE_br_raw_20111018125913267_61_S125575_I261321.nii.gz,T1,T1,16.05;83.95
ADNI_094_S_1015_MR_Axial_PD_T2_FSE__br_raw_20061031084413073_1_S21456_I28004.nii.gz,PD,PD,75.29;24.71
ADNI_072_S_4226_MR_MPRAGE_br_raw_20130607160428578_1_S191718_I375656.nii.gz,T1,T1,5.71;94.29
ADNI_021_S_0273_MR_Axial_PD_T2_FSE__br_raw_20090407130720625_55_S65680_I140700.nii.gz,PD,PD,96.41;3.59
ADNI_031_S_4042_MR_MPRAGE_br_raw_20120514143547527_155_S150297_I303441.nii.gz,T1,T1,13.76;86.24
ADNI_037_S_4146_MR_MPRAGE_br_raw_20111208102756157_80_S132129_I270444.nii.gz,T1,T1,4.13;95.87
ADNI_116_S_0834_MR_FSE_PD_T2__br_raw_20091116094148754_95_S76465_I159284.nii.gz,PD,PD,90.67;9.33
ADNI_020_S_1288_MR_MPRAGE_br_raw_20071011231232625_63_S41380_I77627.nii.gz,T1,T1,3.33;96.67
ADNI_099_S_0958_MR_MPRAGE_br_raw_20061020114253046_98_S20494_I26822.nii.gz,T1,T1,8.89;91.11
ADNI_072_S_2027_MR_MPRAGE_br_raw_20101025134848873_144_S93541_I198277.nii.gz,T1,T1,4.96;95.04
ADNI_051_S_1072_MR_MPRAGE_br_raw_20080722114138696_98_S53880_I113929.nii.gz,T1,T1,11.09;88.91
ADNI_021_S_0273_MR_Axial_PD_T2_FSE__br_20060314125959847_1_S12167_I11939.nii.gz,PD,PD,95.90;4.10
ADNI_098_S_0269_MR_Axial_PD_T2_FSE__br_raw_20061024153707276_1_S20924_I27368.nii.gz,PD,PD,87.03;12.97
ADNI_128_S_2057_MR_MPRAGE_br_raw_20101220152933614_90_S96859_I209262.nii.gz,T1,T1,5.82;94.18
ADNI_127_S_1382_MR_Axial_PD_T2_FSE__br_raw_20070317113330531_1_S28260_I45059.nii.gz,PD,PD,70.90;29.10
ADNI_022_S_5004_MR_MPRAGE_br_raw_20121108162818727_90_S173866_I345640.nii.gz,T1,T1,3.21;96.79
ADNI_031_S_4042_MR_MPRAGE_br_raw_20110823125732465_109_S119942_I252280.nii.gz,T1,T1,15.25;84.75
ADNI_116_S_0834_MR_FSE_PD_T2__br_raw_20081017131439606_1_S57589_I122016.nii.gz,PD,PD,92.95;7.05
ADNI_020_S_0213_MR_MPRAGE_br_raw_20070606134030953_18_S33112_I56144.nii.gz,T1,T1,8.11;91.89
ADNI_016_S_1121_MR_MPRAGE_br_raw_20070118143850671_98_S25229_I36695.nii.gz,T1,T1,3.51;96.49
ADNI_021_S_0231_MR_Axial_PD_T2_FSE__br_20060228112527280_21_S11836_I11432.nii.gz,PD,PD,94.80;5.20
ADNI_073_S_4552_MR_MPRAGE_br_raw_20120918095916494_87_S167859_I335137.nii.gz,T1,T1,4.31;95.69
ADNI_016_S_0769_MR_MPRAGE_br_raw_20080305100549125_97_S46621_I95313.nii.gz,T1,T1,14.09;85.91
ADNI_003_S_0908_MR_MPRAGE_br_raw_20070424124024359_98_S30451_I50620.nii.gz,T1,T1,12.27;87.73
ADNI_035_S_4256_MR_MPRAGE_br_raw_20121024163153247_91_S172021_I342094.nii.gz,T1,T1,5.66;94.34
ADNI_123_S_4806_MR_MPRAGE_br_raw_20140902115217092_44_S229915_I442383.nii.gz,T1,T1,3.66;96.34
ADNI_020_S_1288_MR_MPRAGE_br_raw_20080305203620531_98_S46664_I95385.nii.gz,T1,T1,10.42;89.58
ADNI_136_S_1227_MR_Axial_PD_T2_FSE__br_raw_20100323144533949_17_S81554_I168512.nii.gz,PD,PD,74.02;25.98
ADNI_130_S_4817_MR_MPRAGE_br_raw_20120703164355680_68_S156603_I314330.nii.gz,T1,T1,16.50;83.50
ADNI_116_S_4195_MR_MPRAGE_br_raw_20120321142746129_154_S144427_I291506.nii.gz,T1,T1,3.46;96.54
ADNI_052_S_0989_MR_Axial_PD_T2_FSE__br_raw_20100222163531281_49_S80359_I166657.nii.gz,PD,PD,76.02;23.98
ADNI_023_S_4502_MR_MPRAGE_br_raw_20140425164243094_117_S217095_I421770.nii.gz,T1,T1,5.93;94.07
ADNI_032_S_0147_MR____________MPRAGE__br_raw_20060927180549924_1_S19428_I25240.nii.gz,T1,T1,7.43;92.57
ADNI_137_S_0443_MR_Axial_PD_T2_FSE__br_raw_20081107104513561_1_S58444_I125491.nii.gz,PD,PD,93.95;6.05
ADNI_128_S_0608_MR_FSE_PD_T2__br_raw_20060605134859638_1_S15210_I16501.nii.gz,PD,PD,93.97;6.03
ADNI_016_S_1121_MR_MPRAGE_br_raw_20070724154216724_139_S36294_I62010.nii.gz,T1,T1,10.05;89.95
ADNI_051_S_1072_MR_MPRAGE_br_raw_20070129164321361_92_S25623_I37605.nii.gz,T1,T1,5.52;94.48
ADNI_033_S_1279_MR_Axial_PD_T2_FSE__br_raw_20080904153816034_1_S56207_I117468.nii.gz,PD,PD,68.32;31.68
ADNI_128_S_4607_MR_MPRAGE_br_raw_20120628122548116_6_S155889_I313318.nii.gz,T1,T1,6.81;93.19
ADNI_073_S_4259_MR_MPRAGE_br_raw_20111007172722225_140_S124875_I260209.nii.gz,T1,T1,5.16;94.84
ADNI_116_S_0834_MR_FSE_PD_T2__br_raw_20071128142850343_1_S43076_I83608.nii.gz,PD,PD,88.39;11.61
ADNI_033_S_1283_MR_Axial_PD_T2_FSE__br_raw_20080313154325368_1_S47017_I97384.nii.gz,PD,PD,71.25;28.75
ADNI_137_S_0994_MR_Axial_PD_T2_FSE__br_raw_20101210121633472_37_S96244_I208148.nii.gz,PD,PD,91.23;8.77
ADNI_002_S_1155_MR_Axial_PD_T2_FSE__br_raw_20090313184957981_1_S64558_I138948.nii.gz,PD,PD,79.52;20.48
ADNI_002_S_2073_MR_MPRAGE_br_raw_20101206185927496_48_S95924_I207661.nii.gz,T1,T1,11.48;88.52
ADNI_137_S_0366_MR_Axial_PD_T2_FSE__br_raw_20080613143147159_1_S51537_I109472.nii.gz,PD,PD,89.47;10.53
ADNI_068_S_4914_MR_MPRAGE_br_raw_20120905095904905_31_S166046_I330203.nii.gz,T1,T1,5.31;94.69
ADNI_130_S_0956_MR_Axial_PD_T2_FSE__br_raw_20071101101629749_13_S42128_I80091.nii.gz,PD,PD,82.37;17.63
ADNI_021_S_0332_MR_Axial_PD_T2_FSE__br_20060404150235509_1_S12754_I12860.nii.gz,PD,PD,93.80;6.20
ADNI_031_S_4029_MR_MPRAGE_br_raw_20120518144104434_51_S151023_I305272.nii.gz,T1,T1,17.69;82.31
ADNI_041_S_4143_MR_MPRAGE_br_raw_20111123151208864_12_S130724_I268469.nii.gz,T1,T1,4.90;95.10
ADNI_011_S_2274_MR_MPRAGE_br_raw_20110204092059559_173_S98923_I215813.nii.gz,T1,T1,5.01;94.99
ADNI_019_S_4680_MR_MPRAGE_br_raw_20120712140629573_82_S157405_I316051.nii.gz,T1,T1,10.68;89.32
ADNI_941_S_4187_MR_MPRAGE_br_raw_20110826090248791_112_S120388_I252869.nii.gz,T1,T1,4.17;95.83
ADNI_072_S_2093_MR_MPRAGE_br_raw_20110415144208201_154_S104401_I227865.nii.gz,T1,T1,8.92;91.08
ADNI_041_S_4513_MR_MPRAGE_br_raw_20160226085917434_9_S383485_I641043.nii.gz,T1,T1,3.70;96.30
ADNI_052_S_0989_MR_Axial_PD_T2_FSE__br_raw_20070608144229218_1_S33299_I56497.nii.gz,PD,PD,80.24;19.76
ADNI_116_S_0834_MR_FSE_PD_T2__br_raw_20070427133340921_1_S31021_I51803.nii.gz,PD,PD,90.19;9.81
ADNI_002_S_0729_MR_Axial_PD_T2_FSE__br_raw_20080409214919271_1_S48529_I101814.nii.gz,PD,PD,72.02;27.98
ADNI_007_S_0128_MR_Axial_PD_T2_FSE__br_raw_20100224153948222_77_S80420_I166749.nii.gz,PD,T1,45.27;54.73
ADNI_036_S_4562_MR_MPRAGE_br_raw_20130408144251858_63_S186191_I365840.nii.gz,T1,T1,6.23;93.77
ADNI_052_S_0989_MR_Axial_PD_T2_FSE__br_raw_20080813100440671_1_S55328_I116056.nii.gz,PD,PD,81.41;18.59
ADNI_031_S_4029_MR_MPRAGE_br_raw_20110808152211332_52_S117872_I249331.nii.gz,T1,T1,14.33;85.67
ADNI_098_S_0172_MR_Axial_PD_T2_FSE__br_raw_20060227125250734_1_S11816_I11402.nii.gz,PD,PD,64.23;35.77
ADNI_027_S_1082_MR_Axial_PD_T2_FSE__br_raw_20061127172436408_1_S22936_I30541.nii.gz,PD,PD,75.81;24.19
ADNI_141_S_4976_MR_MPRAGE_br_raw_20121016141822840_67_S171011_I340322.nii.gz,T1,T1,6.09;93.91
ADNI_052_S_0989_MR_Axial_PD_T2_FSE__br_raw_20110118122846496_91_S97707_I212870.nii.gz,PD,PD,74.95;25.05
ADNI_037_S_0588_MR_FSE_PD_T2__br_raw_20090306122930282_1_S64037_I137856.nii.gz,PD,PD,97.58;2.42
ADNI_128_S_4571_MR_MPRAGE_br_raw_20120310102847847_95_S143575_I289722.nii.gz,T1,T1,5.09;94.91
ADNI_072_S_2070_MR_MPRAGE_br_raw_20100908101811461_22_S91785_I192258.nii.gz,T1,T1,6.79;93.21
ADNI_022_S_2263_MR_MPRAGE_br_raw_20110825111833147_85_S120298_I252708.nii.gz,T1,T1,4.02;95.98
ADNI_073_S_4552_MR_MPRAGE_br_raw_20121010091903276_136_S170312_I339298.nii.gz,T1,T1,4.55;95.45
ADNI_021_S_0231_MR_Axial_PD_T2_FSE__br_raw_20080905095630218_47_S56215_I117481.nii.gz,PD,PD,95.44;4.56
ADNI_133_S_0913_MR_MPRAGE_br_raw_20080116145828880_1_S44632_I87682.nii.gz,T1,T1,2.48;97.52
ADNI_037_S_0588_MR_FSE_PD_T2__br_raw_20150416101932564_7_S255798_I487091.nii.gz,PD,PD,96.22;3.78
ADNI_123_S_2363_MR_MPRAGE_br_raw_20111214151106378_74_S130016_I267386.nii.gz,T1,T1,6.57;93.43
ADNI_036_S_4894_MR_MPRAGE_br_raw_20130827143256292_140_S199369_I387580.nii.gz,T1,T1,5.57;94.43
ADNI_099_S_0551_MR_MPRAGE_br_raw_20061128092118218_98_S22948_I30570.nii.gz,T1,T1,10.55;89.45
ADNI_051_S_1072_MR_MPRAGE_br_raw_20070705150742675_95_S34435_I58567.nii.gz,T1,T1,12.38;87.62
ADNI_021_S_0231_MR_Axial_PD_T2_FSE__br_20060912161946951_29_S18784_I24175.nii.gz,PD,PD,94.93;5.07
ADNI_009_S_4741_MR_MPRAGE_br_raw_20140715152207152_93_S225135_I435699.nii.gz,T1,T1,3.08;96.92
ADNI_021_S_0178_MR_Axial_PD_T2_FSE__br_20060210134518011_1_S11570_I10996.nii.gz,PD,PD,89.00;11.00
ADNI_027_S_0485_MR_Axial_PD_T2_FSE__br_raw_20071106160144501_1_S42308_I80990.nii.gz,PD,PD,75.44;24.56
ADNI_068_S_4274_MR_MPRAGE_br_raw_20121212162945749_121_S177356_I351045.nii.gz,T1,T1,3.30;96.70
ADNI_031_S_4194_MR_MPRAGE_br_raw_20121005122635304_54_S169783_I338321.nii.gz,T1,T1,11.44;88.56
ADNI_099_S_0534_MR_MPRAGE_br_raw_20061130083633171_98_S23143_I30899.nii.gz,T1,T1,11.57;88.43
ADNI_036_S_4715_MR_MPRAGE_br_raw_20160607150253624_122_S458475_I727731.nii.gz,T1,T1,7.09;92.91
ADNI_068_S_4274_MR_MPRAGE_br_raw_20120123092754891_58_S138139_I280057.nii.gz,T1,T1,3.14;96.86
ADNI_131_S_0319_MR_Axial_PD_T2_FSE__br_raw_20061020133715198_1_S20476_I26799.nii.gz,PD,PD,72.41;27.59
ADNI_127_S_1382_MR_Axial_PD_T2_FSE__br_raw_20090422154454619_95_S66580_I142383.nii.gz,PD,PD,70.78;29.22
ADNI_133_S_0525_MR_Axial_PD_T2_FSE__br_raw_20070207131942698_1_S26011_I38357.nii.gz,PD,PD,70.00;30.00
ADNI_016_S_1121_MR_MPRAGE_br_raw_20080724121752163_98_S54086_I114256.nii.gz,T1,T1,9.33;90.67
ADNI_072_S_2093_MR_MPRAGE_br_raw_20111024100345807_42_S126075_I262039.nii.gz,T1,T1,8.49;91.51
ADNI_130_S_0289_MR_Axial_PD_T2_FSE__br_raw_20071011131600343_15_S41273_I77458.nii.gz,PD,PD,68.90;31.10
ADNI_136_S_0874_MR_Axial_PD_T2_FSE__br_raw_20100115170247348_1_S78650_I164045.nii.gz,PD,PD,66.70;33.30
ADNI_141_S_4976_MR_MPRAGE_br_raw_20130702143053080_158_S193935_I379001.nii.gz,T1,T1,5.07;94.93
ADNI_031_S_0321_MR_FSE_PD_T2__br_raw_20070420101801265_1_S30063_I49830.nii.gz,PD,PD,89.94;10.06
ADNI_020_S_1288_MR_MPRAGE_br_raw_20090327205547015_98_S65197_I140028.nii.gz,T1,T1,3.68;96.32
ADNI_067_S_4184_MR_MPRAGE_br_raw_20120919152755499_152_S168120_I335543.nii.gz,T1,T1,14.33;85.67
ADNI_033_S_0733_MR_MPRAGE_br_raw_20080808152409133_98_S55160_I115774.nii.gz,T1,T1,2.44;97.56
ADNI_053_S_0507_MR_Axial_PD_T2_FSE__br_raw_20090521121231843_1_S67535_I144311.nii.gz,PD,PD,77.24;22.76
ADNI_116_S_0890_MR_FSE_PD_T2__br_raw_20070123084511343_3_S25385_I37184.nii.gz,PD,PD,92.91;7.09
ADNI_023_S_4448_MR_MPRAGE_br_raw_20120418143224898_33_S147585_I298228.nii.gz,T1,T1,6.41;93.59
ADNI_053_S_0919_MR_Axial_PD_T2_FSE__br_raw_20071025144457796_27_S41933_I78537.nii.gz,PD,PD,85.12;14.88
ADNI_133_S_0913_MR_Axial_PD_T2_FSE__br_raw_20080121134436158_1_S44747_I87903.nii.gz,PD,PD,69.95;30.05
ADNI_136_S_0107_MR_Axial_PD_T2_FSE__br_raw_20100630103302843_71_S88434_I180706.nii.gz,PD,PD,66.35;33.65
ADNI_002_S_2073_MR_MPRAGE_br_raw_20110309121608151_65_S101317_I223325.nii.gz,T1,T1,12.93;87.07
ADNI_136_S_1227_MR_Axial_PD_T2_FSE__br_raw_20070828091010787_1_S38552_I70555.nii.gz,PD,PD,71.27;28.73
ADNI_133_S_0629_MR_Axial_PD_T2_FSE__br_raw_20060628143526764_1_S15912_I17594.nii.gz,PD,PD,86.10;13.90
ADNI_137_S_0366_MR_Axial_PD_T2_FSE__br_raw_20070626090514281_65_S33825_I57390.nii.gz,PD,PD,88.03;11.97
ADNI_128_S_4603_MR_MPRAGE_br_raw_20120409084953060_103_S146618_I296456.nii.gz,T1,T1,4.29;95.71
ADNI_035_S_4256_MR_MPRAGE_br_raw_20120705152016862_136_S156818_I315174.nii.gz,T1,T1,5.43;94.57
ADNI_130_S_4982_MR_MPRAGE_br_raw_20121023145728820_6_S171800_I341787.nii.gz,T1,T1,12.07;87.93
ADNI_137_S_0994_MR_Axial_PD_T2_FSE__br_raw_20111207085101496_83_S132069_I270367.nii.gz,PD,PD,92.61;7.39
ADNI_002_S_2010_MR_MPRAGE_br_raw_20110708102746110_70_S114024_I243872.nii.gz,T1,T1,11.81;88.19
ADNI_116_S_4199_MR_MPRAGE_br_raw_20151022171804757_58_S290376_I532734.nii.gz,T1,T1,4.52;95.48
ADNI_067_S_4310_MR_MPRAGE_br_raw_20111027143057676_114_S126650_I262839.nii.gz,T1,T1,3.81;96.19
ADNI_135_S_4954_MR_MPRAGE_br_raw_20130415123724907_29_S186942_I367180.nii.gz,T1,T1,5.04;94.96
ADNI_073_S_4216_MR_MPRAGE_br_raw_20131023111320076_36_S204742_I395745.nii.gz,T1,T1,4.47;95.53
ADNI_023_S_4502_MR_MPRAGE_br_raw_20130328145650090_58_S185406_I364733.nii.gz,T1,T1,5.36;94.64
ADNI_098_S_0269_MR_Axial_PD_T2_FSE__br_raw_20090407172942754_1_S65764_I140916.nii.gz,PD,PD,76.85;23.15
ADNI_053_S_0507_MR_Axial_PD_T2_FSE__br_raw_20070611152337046_1_S33432_I56715.nii.gz,PD,PD,70.00;30.00
ADNI_123_S_2363_MR_MPRAGE_br_raw_20110422154315603_52_S104979_I228730.nii.gz,T1,T1,5.60;94.40
ADNI_133_S_0913_MR_Axial_PD_T2_FSE__br_raw_20080731085646828_1_S54542_I114932.nii.gz,PD,PD,65.55;34.45
ADNI_941_S_4187_MR_MPRAGE_br_raw_20111129163930852_7_S131234_I269113.nii.gz,T1,T1,3.63;96.37
ADNI_067_S_1185_MR_MPRAGE_br_raw_20070104095346519_63_S24635_I35153.nii.gz,T1,T1,6.42;93.58
ADNI_128_S_2003_MR_MPRAGE_br_raw_20100707221529337_96_S88768_I181153.nii.gz,T1,T1,6.16;93.84
ADNI_024_S_4169_MR_MPRAGE_br_raw_20110815120602493_165_S118604_I250377.nii.gz,T1,T1,8.56;91.44
ADNI_130_S_4982_MR_MPRAGE_br_raw_20130212213732338_114_S182070_I358858.nii.gz,T1,T1,11.14;88.86
ADNI_021_S_0273_MR_Axial_PD_T2_FSE__br_raw_20080402103841216_57_S47803_I100101.nii.gz,PD,PD,95.70;4.30
ADNI_031_S_4590_MR_MPRAGE_br_raw_20130325172747193_110_S185242_I364457.nii.gz,T1,T1,17.64;82.36
ADNI_128_S_4607_MR_MPRAGE_br_raw_20121115155928000_92_S174743_I346866.nii.gz,T1,T1,7.87;92.13
ADNI_127_S_0259_MR_Axial_PD_T2_FSE__br_raw_20060313164606935_1_S12134_I11885.nii.gz,PD,PD,77.12;22.88
ADNI_037_S_4432_MR_MPRAGE_br_raw_20140319150323627_29_S214364_I417158.nii.gz,T1,T1,11.41;88.59
ADNI_067_S_4072_MR_MPRAGE_br_raw_20111012111441107_124_S125141_I260667.nii.gz,T1,T1,5.14;94.86
ADNI_072_S_4769_MR_MPRAGE_br_raw_20130702125620615_131_S193906_I378957.nii.gz,T1,T1,4.17;95.83
ADNI_072_S_4063_MR_MPRAGE_br_raw_20110622133502643_124_S112302_I241291.nii.gz,T1,T1,5.43;94.57
ADNI_128_S_2057_MR_MPRAGE_br_raw_20100903120516235_84_S91651_I192070.nii.gz,T1,T1,4.12;95.88
ADNI_041_S_4513_MR_MPRAGE_br_raw_20120521171509111_1_S151167_I305627.nii.gz,T1,T1,3.29;96.71
ADNI_032_S_0147_MR____________MPRAGE__br_raw_20070221181559616_1_S26882_I41233.nii.gz,T1,T1,7.81;92.19
ADNI_136_S_0429_MR_Axial_PD_T2_FSE__br_raw_20070619093112197_83_S33722_I57211.nii.gz,PD,PD,72.20;27.80
ADNI_068_S_4061_MR_MPRAGE_br_raw_20110608102033113_57_S111003_I239367.nii.gz,T1,T1,6.33;93.67
ADNI_073_S_4360_MR_MPRAGE_br_raw_20160107154602976_160_S342166_I592789.nii.gz,T1,T1,6.64;93.36
ADNI_116_S_4195_MR_MPRAGE_br_raw_20120918082702079_72_S167788_I335031.nii.gz,T1,T1,3.27;96.73
ADNI_037_S_0327_MR_FSE_PD_T2__br_raw_20061115161537457_1_S22546_I29681.nii.gz,PD,PD,94.14;5.86
ADNI_002_S_1155_MR_MPRAGE_br_raw_20111222134251188_159_S134623_I274154.nii.gz,T1,T1,17.57;82.43
ADNI_141_S_1378_MR_MPRAGE_br_raw_20070326150630532_98_S28927_I46859.nii.gz,T1,T1,13.66;86.34
ADNI_041_S_4271_MR_MPRAGE_br_raw_20111011124558005_3_S125033_I260502.nii.gz,T1,T1,5.03;94.97
ADNI_016_S_1121_MR_MPRAGE_br_raw_20070724163001586_98_S36309_I62031.nii.gz,T1,T1,3.21;96.79
ADNI_094_S_1402_MR_Axial_STRAIGHT_PD_T2_FSE_br_raw_20071112163243935_1_S42559_I81700.nii.gz,PD,PD,81.82;18.18
ADNI_052_S_0989_MR_Axial_PD_T2_FSE_rpt__br_raw_20110118122947449_97_S97708_I212865.nii.gz,PD,PD,76.75;23.25
ADNI_127_S_0112_MR_Axial_PD_T2_FSE__br_raw_20060127120711372_1_S11193_I10418.nii.gz,PD,PD,77.77;22.23
ADNI_018_S_2133_MR_MPRAGE_br_raw_20121220112015865_25_S178284_I352430.nii.gz,T1,T1,13.41;86.59
ADNI_130_S_0449_MR_Axial_PD_T2_FSE__br_raw_20080721142946247_7_S53701_I113634.nii.gz,PD,PD,71.81;28.19
ADNI_013_S_2389_MR_MPRAGE_br_raw_20121012131118435_25_S170658_I339821.nii.gz,T1,T1,18.73;81.27
ADNI_137_S_0366_MR_Axial_PD_T2_FSE__br_raw_20061212094052438_1_S23820_I32628.nii.gz,PD,PD,88.85;11.15
ADNI_012_S_4094_MR_MPRAGE_br_raw_20120726125816538_1_S158645_I318776.nii.gz,T1,T1,13.17;86.83
ADNI_013_S_2324_MR_MPRAGE_br_raw_20110628170516462_158_S112893_I242257.nii.gz,T1,T1,17.90;82.10
ADNI_011_S_0856_MR_MPRAGE_br_raw_20080319090000007_1_S47262_I98960.nii.gz,T1,T1,8.87;91.13
ADNI_073_S_5090_MR_MPRAGE_br_raw_20130213163556787_126_S182207_I359044.nii.gz,T1,T1,5.15;94.85
ADNI_067_S_1185_MR_MPRAGE_br_raw_20070727145830619_72_S36449_I62464.nii.gz,T1,T1,7.15;92.85
ADNI_037_S_0588_MR_FSE_PD_T2__br_raw_20080617160208137_1_S51716_I109830.nii.gz,PD,PD,97.56;2.44
ADNI_073_S_4552_MR_MPRAGE_br_raw_20120215154934047_48_S140944_I285080.nii.gz,T1,T1,3.56;96.44
ADNI_021_S_0231_MR_Axial_PD_T2_FSE__br_raw_20080312144505489_3_S46937_I96979.nii.gz,PD,PD,95.00;5.00
ADNI_014_S_4039_MR_MPRAGE_br_raw_20111208130220138_149_S132193_I270530.nii.gz,T1,T1,4.24;95.76
ADNI_009_S_4741_MR_MPRAGE_br_raw_20130115163110739_19_S180225_I355121.nii.gz,T1,T1,3.76;96.24
ADNI_094_S_1330_MR_Axial__STRAIGHT__PD_T2_FSE_br_raw_20070223104121970_103_S27037_I41490.nii.gz,PD,PD,67.34;32.66
ADNI_137_S_0994_MR_Axial_PD_T2_FSE__br_raw_20080603150951287_1_S50931_I108204.nii.gz,PD,PD,87.66;12.34
ADNI_136_S_1227_MR_Axial_PD_T2_FSE__br_raw_20080930153046332_1_S56835_I118610.nii.gz,PD,PD,73.87;26.13
ADNI_137_S_0443_MR_Axial_PD_T2_FSE__br_raw_20080215115651914_27_S45730_I90472.nii.gz,PD,PD,95.21;4.79
ADNI_020_S_4920_MR_MPRAGE_br_raw_20131125131346542_16_S206703_I399446.nii.gz,T1,T1,6.00;94.00
ADNI_010_S_0422_MR_MPRAGE_br_raw_20061130151614534_49_S23188_I31018.nii.gz,T1,T1,15.78;84.22
ADNI_006_S_0521_MR_Axial_PD_T2_FSE__br_raw_20060627144044765_1_S15875_I17534.nii.gz,PD,PD,80.84;19.16
ADNI_072_S_2093_MR_MPRAGE_br_raw_20110107162008642_106_S97274_I209965.nii.gz,T1,T1,7.88;92.12
ADNI_041_S_4513_MR_MPRAGE_br_raw_20140228145111315_131_S213484_I415651.nii.gz,T1,T1,3.46;96.54
ADNI_137_S_0994_MR_MPRAGE_br_raw_20141210165240800_171_S242838_I461110.nii.gz,T1,T1,6.60;93.40
ADNI_094_S_1164_MR_Axial_STRAIGHT_PD_T2_FSE_br_raw_20080108123522241_1_S44405_I86769.nii.gz,PD,PD,70.88;29.12
ADNI_018_S_2133_MR_MPRAGE_br_raw_20110824142729921_126_S120223_I252599.nii.gz,T1,T1,19.96;80.04
ADNI_067_S_4072_MR_MPRAGE_br_raw_20110706163415122_119_S113733_I243482.nii.gz,T1,T1,5.03;94.97
ADNI_094_S_1397_MR_Axial_STRAIGHT_PD_T2_FSE_br_raw_20071120143343588_1_S42907_I82870.nii.gz,PD,PD,68.73;31.27
ADNI_136_S_0107_MR_Axial_PD_T2_FSE__br_raw_20110610132841953_75_S111201_I239653.nii.gz,PD,PD,92.38;7.62
ADNI_020_S_0213_MR_MPRAGE_br_raw_20061122205152078_98_S22879_I30440.nii.gz,T1,T1,8.58;91.42
ADNI_127_S_0754_MR_Axial_PD_T2_FSE__br_raw_20060905144630794_1_S18514_I23786.nii.gz,PD,PD,73.59;26.41
ADNI_137_S_0722_MR_Axial_PD_T2_FSE__br_raw_20060726153256443_1_S17296_I19708.nii.gz,PD,PD,97.74;2.26
ADNI_037_S_4381_MR_MPRAGE_br_raw_20120119075105923_173_S137404_I279148.nii.gz,T1,T1,6.87;93.13
ADNI_137_S_0669_MR_Axial_PD_T2_FSE__br_raw_20080219084409680_5_S45816_I90704.nii.gz,PD,PD,97.01;2.99
ADNI_005_S_0221_MR_Axial_PD_T2_FSE__br_raw_20061006154402262_1_S19844_I25941.nii.gz,PD,PD,52.45;47.55
ADNI_033_S_1283_MR_Axial_PD_T2_FSE__br_raw_20070208172659191_1_S26142_I38615.nii.gz,PD,PD,82.81;17.19
ADNI_094_S_1417_MR_Axial_STRAIGHT_PD_T2_FSE_br_raw_20080205164656907_1_S45331_I89383.nii.gz,PD,PD,78.02;21.98
ADNI_033_S_0733_MR_Axial_PD_T2_FSE__br_raw_20070216092210125_1_S26586_I40523.nii.gz,PD,PD,75.81;24.19
ADNI_012_S_0689_MR_MPRAGE_br_raw_20070111081610281_1_S24938_I35972.nii.gz,T1,T1,12.39;87.60
ADNI_036_S_4894_MR_MPRAGE_br_raw_20130313142913700_94_S184325_I363016.nii.gz,T1,T1,6.42;93.58
ADNI_130_S_0285_MR_Axial_PD_T2_FSE__br_raw_20070327213909483_3_S29026_I47262.nii.gz,PD,PD,58.69;41.31
ADNI_037_S_4381_MR_MPRAGE_br_raw_20120420133350166_22_S147993_I299165.nii.gz,T1,T1,6.42;93.58
ADNI_130_S_0289_MR_Axial_PD_T2_FSE__br_raw_20080721130359989_9_S53684_I113606.nii.gz,PD,PD,82.34;17.66
ADNI_009_S_4324_MR_MPRAGE_br_raw_20120515192430187_40_S150517_I304421.nii.gz,T1,T1,4.55;95.45
ADNI_036_S_2378_MR_MPRAGE_br_raw_20120210131838455_114_S140408_I283808.nii.gz,T1,T1,5.31;94.69
ADNI_037_S_0627_MR_FSE_PD_T2__br_raw_20070221134408585_1_S26828_I41155.nii.gz,PD,PD,84.96;15.04
ADNI_099_S_0534_MR_MPRAGE_br_raw_20060504132029421_98_S14008_I14611.nii.gz,T1,T1,10.54;89.46
ADNI_002_S_1155_MR_Axial_PD_T2_FSE__br_raw_20140708154217071_25_S97232_I209894.nii.gz,PD,PD,75.77;24.23
ADNI_051_S_1072_MR_MPRAGE_br_raw_20080219130755312_98_S45851_I90757.nii.gz,T1,T1,4.04;95.96
ADNI_127_S_1382_MR_Axial_PD_T2_FSE__br_raw_20071022135130210_89_S41758_I78249.nii.gz,PD,PD,73.80;26.20
ADNI_036_S_4894_MR_MPRAGE_br_raw_20120810124944746_175_S160488_I323094.nii.gz,T1,T1,4.58;95.42
ADNI_067_S_4072_MR_MPRAGE_br_raw_20130710151002667_166_S194448_I379761.nii.gz,T1,T1,6.08;93.92
ADNI_130_S_0956_MR_Axial_PD_T2_FSE__br_raw_20070416160710725_1_S29746_I49214.nii.gz,PD,PD,79.17;20.83
ADNI_012_S_4094_MR_MPRAGE_br_raw_20130722105656502_1_S195955_I381845.nii.gz,T1,T1,13.98;86.02
ADNI_035_S_2074_MR_MPRAGE_br_raw_20110401142308644_78_S102907_I225784.nii.gz,T1,T1,2.97;97.03
ADNI_035_S_4414_MR_MPRAGE_br_raw_20150414115520308_40_S255676_I486911.nii.gz,T1,T1,5.04;94.96
ADNI_094_S_1164_MR_Axial_PD_T2_FSE__br_raw_20061212153254479_1_S23870_I32805.nii.gz,PD,PD,66.80;33.20
ADNI_073_S_4360_MR_MPRAGE_br_raw_20140113133745557_72_S210056_I404556.nii.gz,T1,T1,7.36;92.64
ADNI_035_S_4114_MR_MPRAGE_br_raw_20110719153751715_26_S115332_I245678.nii.gz,T1,T1,6.46;93.54
ADNI_053_S_0507_MR_MPRAGE_br_raw_20080612092713765_86_S51462_I109281.nii.gz,T1,T1,8.10;91.90
ADNI_067_S_1253_MR_MPRAGE_br_raw_20080514115218138_63_S50068_I105503.nii.gz,T1,T1,4.92;95.08
ADNI_130_S_4817_MR_MPRAGE_br_raw_20140729133030953_92_S226290_I437518.nii.gz,T1,T1,16.64;83.36
ADNI_012_S_4094_MR_MPRAGE_br_raw_20150827185930831_96_S270246_I507161.nii.gz,T1,T1,10.57;89.43
ADNI_037_S_4381_MR_MPRAGE_br_raw_20160603155035966_77_S455200_I723965.nii.gz,T1,T1,8.21;91.79
ADNI_094_S_1417_MR_Axial_STRAIGHT_PD_T2_FSE_br_raw_20090219161140518_1_S63350_I136531.nii.gz,PD,PD,68.55;31.45
ADNI_022_S_2263_MR_MPRAGE_br_raw_20120306114443796_41_S142751_I288249.nii.gz,T1,T1,4.43;95.57
ADNI_041_S_1412_MR_MPRAGE_br_raw_20080212172548859_98_S45602_I90253.nii.gz,T1,T1,11.30;88.70
ADNI_035_S_4114_MR_MPRAGE_br_raw_20130222145703347_81_S166722_I332637.nii.gz,T1,T1,5.34;94.66
ADNI_099_S_0551_MR_MPRAGE_br_raw_20060518091159500_98_S14644_I15575.nii.gz,T1,T1,11.39;88.61
ADNI_013_S_4768_MR_MPRAGE_br_raw_20120801103027124_3_S158080_I316960.nii.gz,T1,T1,18.14;81.86
ADNI_041_S_4989_MR_MPRAGE_br_raw_20130426141247007_128_S188080_I368911.nii.gz,T1,T1,7.67;92.33
ADNI_137_S_0669_MR_Axial_PD_T2_FSE__br_raw_20080820151124232_1_S55586_I116483.nii.gz,PD,PD,95.38;4.62
ADNI_130_S_0289_MR_Axial_PD_T2_FSE__br_raw_20060313144252187_1_S12109_I11848.nii.gz,PD,PD,77.97;22.03
ADNI_067_S_4310_MR_MPRAGE_br_raw_20120517153751781_67_S150940_I305133.nii.gz,T1,T1,10.91;89.09
ADNI_126_S_0606_MR_Axial_PD_T2_FSE_-_48_slices__br_raw_20060725091106726_1_S17189_I19544.nii.gz,PD,PD,73.73;26.27
ADNI_067_S_1185_MR_MPRAGE_br_raw_20070808152721319_97_S37043_I65946.nii.gz,T1,T1,2.04;97.96
ADNI_136_S_0579_MR_Axial_PD_T2_FSE__br_raw_20070625154846812_93_S33990_I57705.nii.gz,PD,PD,73.66;26.34
ADNI_130_S_0285_MR_Axial_PD_T2_FSE__br_raw_20100416163114669_95_S83435_I171250.nii.gz,PD,PD,65.70;34.30
ADNI_116_S_4199_MR_MPRAGE_br_raw_20111130155221265_126_S131380_I269305.nii.gz,T1,T1,3.90;96.10
ADNI_114_S_2392_MR_MPRAGE_br_raw_20110624141320765_85_S112488_I241614.nii.gz,T1,T1,5.14;94.86
ADNI_003_S_1057_MR_MPRAGE_br_raw_20090323091654593_98_S64900_I139584.nii.gz,T1,T1,13.63;86.37
ADNI_128_S_0522_MR_FSE_PD_T2__br_raw_20060521180939107_13_S14790_I15817.nii.gz,PD,PD,93.66;6.34
ADNI_022_S_2263_MR_MPRAGE_br_raw_20110119164955291_140_S97943_I213362.nii.gz,T1,T1,4.10;95.90
ADNI_072_S_4941_MR_MPRAGE_br_raw_20130108093221027_88_S179298_I353822.nii.gz,T1,T1,4.40;95.60
ADNI_010_S_4135_MR_MPRAGE_br_raw_20110727182214824_55_S116397_I247207.nii.gz,T1,T1,14.38;85.62
ADNI_053_S_0507_MR_Axial_PD_T2_FSE__br_raw_20071129160207171_1_S43171_I83868.nii.gz,PD,PD,76.50;23.50
ADNI_072_S_2093_MR_MPRAGE_br_raw_20150506122317073_76_S257717_I489730.nii.gz,T1,T1,6.60;93.40
ADNI_133_S_0913_MR_MPRAGE_br_raw_20070719101719239_1_S35301_I60862.nii.gz,T1,T1,2.38;97.62
ADNI_033_S_0733_MR_Axial_PD_T2_FSE__br_raw_20080808154856424_1_S55169_I115790.nii.gz,PD,PD,74.42;25.58
ADNI_036_S_2378_MR_MPRAGE_br_raw_20120627105833534_65_S155642_I312949.nii.gz,T1,T1,5.53;94.47
ADNI_126_S_0606_MR_Axial_PD_T2_FSE_-_48_slices__br_raw_20070802094903402_95_S36747_I63906.nii.gz,PD,PD,74.18;25.82
ADNI_053_S_0507_MR_MPRAGE_br_raw_20061211202217275_86_S23807_I32605.nii.gz,T1,T1,8.66;91.34
ADNI_123_S_2363_MR_MPRAGE_br_raw_20130528115831686_12_S190558_I373936.nii.gz,T1,T1,5.15;94.85
ADNI_099_S_0534_MR_MPRAGE_br_raw_20070523132442339_98_S32564_I55083.nii.gz,T1,T1,9.06;90.94
ADNI_137_S_0994_MR_Axial_PD_T2_FSE__br_raw_20071207123603098_1_S43449_I84338.nii.gz,PD,PD,88.54;11.46
ADNI_037_S_4146_MR_MPRAGE_br_raw_20120919150638458_166_S168066_I335467.nii.gz,T1,T1,3.83;96.17
ADNI_027_S_0256_MR_Axial_PD_T2_FSE__br_raw_20061009142516384_23_S19865_I25971.nii.gz,PD,PD,67.94;32.06
ADNI_052_S_0671_MR_Axial_PD_T2_FSE__br_raw_20110627165942859_35_S112714_I241988.nii.gz,PD,PD,71.82;28.18
ADNI_094_S_1417_MR_Axial_PD_T2_FSE__br_raw_20080819095548879_1_S55485_I116315.nii.gz,PD,PD,77.54;22.46
ADNI_016_S_0769_MR_MPRAGE_br_raw_20070821133053748_98_S37941_I69413.nii.gz,T1,T1,9.97;90.03
ADNI_072_S_4063_MR_MPRAGE_br_raw_20110920082145252_150_S122745_I257004.nii.gz,T1,T1,5.83;94.17
ADNI_127_S_0259_MR_Axial_PD_T2_FSE__br_raw_20060313164532004_1_S12135_I11886.nii.gz,PD,PD,84.57;15.43
ADNI_137_S_4852_MR_MPRAGE_br_raw_20121023141635018_81_S171777_I341760.nii.gz,T1,T1,7.75;92.25
ADNI_041_S_4271_MR_MPRAGE_br_raw_20120426145701020_116_S148403_I300653.nii.gz,T1,T1,5.28;94.72
ADNI_052_S_0989_MR_Axial_PD_T2_FSE__br_raw_20061114142638656_1_S22475_I29524.nii.gz,PD,PD,77.62;22.38
ADNI_006_S_0498_MR_Axial_PD_T2_FSE__br_raw_20060626130355546_1_S15855_I17503.nii.gz,PD,PD,75.98;24.02
ADNI_007_S_0041_MR_Axial_PD_T2_FSE__br_raw_20051021145156443_9_S9998_I8181.nii.gz,PD,PD,73.96;26.04
ADNI_033_S_0922_MR_Axial_PD_T2_FSE__br_raw_20080410153502558_1_S48607_I102169.nii.gz,PD,PD,72.90;27.10
ADNI_010_S_0422_MR_MPRAGE_br_raw_20061130151217604_50_S23186_I31015.nii.gz,T1,T1,16.01;83.99
ADNI_014_S_4039_MR_MPRAGE_br_raw_20120607123904597_132_S153144_I308620.nii.gz,T1,T1,7.86;92.14
ADNI_067_S_2084_MR_MPRAGE_br_raw_20100930121924386_140_S92837_I194187.nii.gz,T1,T1,4.56;95.44
ADNI_053_S_1044_MR_Axial_PD_T2_FSE__br_raw_20071122091816546_1_S42958_I82983.nii.gz,PD,PD,81.57;18.43
ADNI_012_S_0689_MR_MPRAGE_br_raw_20070727165421156_55_S36500_I62542.nii.gz,T1,T1,22.23;77.77
ADNI_020_S_1288_MR_MPRAGE_br_raw_20071013141157140_64_S41459_I77743.nii.gz,T1,T1,11.53;88.47
ADNI_041_S_0679_MR_MPRAGE_br_raw_20060721094712221_98_S17077_I19378.nii.gz,T1,T1,13.25;86.75
ADNI_072_S_4063_MR_MPRAGE_br_raw_20130626085754672_22_S193406_I378188.nii.gz,T1,T1,4.65;95.35
ADNI_130_S_4817_MR_MPRAGE_br_raw_20121016105321611_1_S170920_I340207.nii.gz,T1,T1,15.79;84.21
ADNI_031_S_2233_MR_MPRAGE_br_raw_20110614152433605_74_S111463_I240050.nii.gz,T1,T1,14.77;85.23
ADNI_033_S_0906_MR_Axial_PD_T2_FSE__br_raw_20060926122133319_1_S19312_I25051.nii.gz,PD,PD,74.03;25.97
ADNI_072_S_2116_MR_MPRAGE_br_raw_20110121113818578_14_S98008_I213610.nii.gz,T1,T1,4.17;95.83
ADNI_033_S_1283_MR_Axial_PD_T2_FSE__br_raw_20070821090038893_1_S37911_I69315.nii.gz,PD,PD,80.48;19.52
ADNI_035_S_4414_MR_MPRAGE_br_raw_20120321124657982_56_S144404_I291472.nii.gz,T1,T1,5.96;94.04
ADNI_131_S_0691_MR_Axial_PD_T2_FSE__br_raw_20070212160530164_1_S26379_I39500.nii.gz,PD,T1,45.66;54.34
ADNI_005_S_0221_MR_Axial_PD_T2_FSE__br_raw_20060303140730789_109_S11955_I11603.nii.gz,PD,PD,68.48;31.52
ADNI_094_S_1402_MR_Axial__STRAIGHT__PD_T2_FSE_br_raw_20070511140208496_1_S32101_I54219.nii.gz,PD,PD,83.12;16.88
ADNI_016_S_0769_MR_MPRAGE_br_raw_20080319102835031_98_S47270_I98972.nii.gz,T1,T1,2.03;97.97
ADNI_052_S_1054_MR_Axial_PD_T2_FSE__br_raw_20070606131233203_1_S33096_I56124.nii.gz,PD,PD,60.72;39.28
ADNI_006_S_0521_MR_Axial_PD_T2_FSE__br_raw_20060627144055906_1_S15874_I17533.nii.gz,PD,PD,69.50;30.50
ADNI_033_S_0733_MR_Axial_PD_T2_FSE__br_raw_20070814103741301_1_S37299_I67583.nii.gz,PD,PD,74.89;25.11
ADNI_002_S_0954_MR_Axial_PD_T2_FSE__br_raw_20071015175214568_95_S41497_I77801.nii.gz,PD,PD,58.33;41.67
ADNI_002_S_0729_MR_Axial_PD_T2_FSE__br_raw_20090813233640373_1_S72359_I153066.nii.gz,PD,PD,70.81;29.19
ADNI_052_S_0671_MR_Axial_PD_T2_FSE__br_raw_20060705094318968_1_S16060_I17847.nii.gz,PD,PD,67.50;32.50
ADNI_007_S_0128_MR_Axial_PD_T2_FSE__br_raw_20070822165011777_29_S38124_I69890.nii.gz,PD,PD,73.37;26.63
ADNI_137_S_1041_MR_Axial_PD_T2_FSE__br_raw_20061110084011866_63_S22289_I29237.nii.gz,PD,PD,94.89;5.11
ADNI_041_S_4513_MR_MPRAGE_br_raw_20120905161103039_109_S166286_I330743.nii.gz,T1,T1,4.10;95.90
ADNI_130_S_4468_MR_MPRAGE_br_raw_20140305155547931_17_S213646_I416048.nii.gz,T1,T1,15.29;84.71
ADNI_009_S_4324_MR_MPRAGE_br_raw_20120131182847234_84_S139027_I281698.nii.gz,T1,T1,4.66;95.34
ADNI_136_S_0874_MR_Axial_PD_T2_FSE__br_raw_20061108105649024_1_S22233_I29139.nii.gz,PD,PD,68.26;31.74
ADNI_116_S_4195_MR_MPRAGE_br_raw_20110901175610510_89_S121073_I254248.nii.gz,T1,T1,3.03;96.97
ADNI_098_S_0269_MR_Axial_PD_T2_FSE__br_raw_20060305150202859_95_S11963_I11614.nii.gz,PD,PD,81.99;18.01
ADNI_012_S_0689_MR_MPRAGE_br_raw_20070727165355187_67_S36501_I62543.nii.gz,T1,T1,13.03;86.97
ADNI_130_S_0289_MR_Axial_PD_T2_FSE__br_raw_20070322141644141_3_S28722_I46270.nii.gz,PD,PD,76.77;23.23
ADNI_041_S_4874_MR_MPRAGE_br_raw_20140902172713350_158_S229954_I442430.nii.gz,T1,T1,5.22;94.78
ADNI_137_S_0443_MR_Axial_PD_T2_FSE__br_raw_20070808120542535_95_S37007_I65815.nii.gz,PD,PD,96.01;3.99
ADNI_130_S_0285_MR_Axial_PD_T2_FSE__br_raw_20071016105837880_95_S41534_I77861.nii.gz,PD,PD,70.83;29.17
ADNI_024_S_4169_MR_MPRAGE_br_raw_20121024155503963_5_S171970_I342013.nii.gz,T1,T1,9.86;90.14
ADNI_018_S_2133_MR_MPRAGE_br_raw_20101025161338150_15_S93680_I199195.nii.gz,T1,T1,22.63;77.37
ADNI_133_S_0727_MR_Axial_PD_T2_FSE__br_raw_20080312151859200_1_S46931_I96968.nii.gz,PD,PD,65.82;34.18
ADNI_033_S_0733_MR_Axial_PD_T2_FSE__br_raw_20060719102849296_1_S16931_I19137.nii.gz,PD,PD,71.79;28.21
ADNI_033_S_0511_MR_Axial_PD_T2_FSE__br_raw_20071203103848805_1_S43228_I83963.nii.gz,PD,PD,72.75;27.25
ADNI_037_S_0552_MR_FSE_PD_T2__br_raw_20110617163409675_49_S112013_I240843.nii.gz,PD,PD,84.92;15.08
ADNI_068_S_2187_MR_MPRAGE_br_raw_20101117131314624_155_S94915_I205387.nii.gz,T1,T1,6.00;94.00
ADNI_029_S_1073_MR_Axial_PD_T2_FSE__br_raw_20061122113436006_1_S22826_I30357.nii.gz,PD,PD,72.03;27.97
ADNI_073_S_4795_MR_MPRAGE_br_raw_20141205140640986_95_S242482_I460666.nii.gz,T1,T1,6.35;93.65
ADNI_136_S_0107_MR_Axial_PD_T2_FSE__br_raw_20060830120105500_1_S18342_I23501.nii.gz,PD,PD,65.56;34.44
ADNI_053_S_0507_MR_MPRAGE_br_raw_20070611125404562_86_S33392_I56651.nii.gz,T1,T1,8.55;91.45
ADNI_067_S_2304_MR_MPRAGE_br_raw_20110914114539755_156_S122008_I255956.nii.gz,T1,T1,5.78;94.22
ADNI_033_S_5087_MR_MPRAGE_br_raw_20130214134809469_115_S182326_I359743.nii.gz,T1,T1,4.98;95.02
ADNI_073_S_5023_MR_MPRAGE_br_raw_20131009133645228_136_S203499_I393941.nii.gz,T1,T1,6.54;93.46
ADNI_072_S_4465_MR_MPRAGE_br_raw_20120214131432831_135_S140706_I284732.nii.gz,T1,T1,5.07;94.93
ADNI_053_S_1044_MR_Axial_PD_T2_FSE__br_raw_20081211111657921_1_S60771_I130080.nii.gz,PD,PD,79.87;20.13
ADNI_123_S_4127_MR_MPRAGE_br_raw_20110803202306537_20_S117357_I248584.nii.gz,T1,T1,3.97;96.03
ADNI_014_S_4039_MR_MPRAGE_br_raw_20130626155646125_71_S193475_I378271.nii.gz,T1,T1,3.20;96.80
ADNI_021_S_0273_MR_Axial_PD_T2_FSE__br_20060314125748278_1_S12166_I11938.nii.gz,PD,PD,95.79;4.21
ADNI_128_S_0205_MR_FSE_PD_T2__br_raw_20060210123111096_1_S11576_I11009.nii.gz,PD,PD,89.55;10.45
ADNI_033_S_1279_MR_Axial_PD_T2_FSE__br_raw_20090302170342091_1_S63786_I137465.nii.gz,PD,PD,73.36;26.64
ADNI_067_S_4184_MR_MPRAGE_br_raw_20130912155721867_109_S200569_I389787.nii.gz,T1,T1,6.18;93.82
ADNI_016_S_1121_MR_MPRAGE_br_raw_20081231103019656_106_S61188_I132477.nii.gz,T1,T1,3.69;96.31
ADNI_062_S_1091_MR_MPRAGE_br_raw_20061128145742768_98_S23031_I30717.nii.gz,T1,T1,17.29;82.71
ADNI_068_S_2187_MR_MPRAGE_br_raw_20150501101706491_29_S257096_I488922.nii.gz,T1,T1,8.98;91.02
ADNI_137_S_0722_MR_Axial_PD_T2_FSE__br_raw_20070228130413654_1_S27253_I41836.nii.gz,PD,PD,96.37;3.63
ADNI_037_S_4146_MR_MPRAGE_br_raw_20110907163323980_132_S121403_I255004.nii.gz,T1,T1,4.51;95.49
ADNI_094_S_1330_MR_Axial_STRAIGHT_PD_T2_FSE_br_raw_20140707174338961_113_S224394_I434649.nii.gz,PD,PD,70.54;29.46
ADNI_137_S_0669_MR_Axial_PD_T2_FSE__br_raw_20080219084607303_111_S45815_I90703.nii.gz,PD,PD,97.28;2.72
ADNI_130_S_4468_MR_MPRAGE_br_raw_20130227154904600_128_S183304_I361490.nii.gz,T1,T1,17.71;82.29
ADNI_051_S_1072_MR_MPRAGE_br_raw_20080905140703889_95_S56233_I117520.nii.gz,T1,T1,3.27;96.73
ADNI_033_S_1309_MR_Axial_PD_T2_FSE__br_raw_20080228143543349_1_S46325_I93572.nii.gz,PD,PD,79.80;20.20
ADNI_051_S_1072_MR_MPRAGE_br_raw_20070129163823443_84_S25624_I37606.nii.gz,T1,T1,4.34;95.66
ADNI_013_S_4268_MR_MPRAGE_br_raw_20120606143107171_50_S152994_I308386.nii.gz,T1,T1,14.32;85.68
ADNI_007_S_0128_MR_Axial_PD_T2_FSE__br_raw_20090212160915074_1_S62997_I135882.nii.gz,PD,PD,67.11;32.89
ADNI_031_S_0351_MR_FSE_PD_T2__br_raw_20070514162441359_1_S32193_I54356.nii.gz,PD,PD,94.88;5.12
ADNI_128_S_4599_MR_MPRAGE_br_raw_20121018160343003_72_S171406_I341153.nii.gz,T1,T1,5.83;94.17
ADNI_098_S_0667_MR_Axial_PD_T2_FSE__br_raw_20060629100302098_1_S15977_I17699.nii.gz,PD,PD,72.66;27.34
ADNI_029_S_1073_MR_Axial_PD_T2_FSE__br_raw_20080505110222765_5_S49626_I104612.nii.gz,PD,PD,67.53;32.47
ADNI_027_S_1385_MR_Axial_PD_T2_FSE__br_raw_20070921122715682_1_S39644_I74135.nii.gz,PD,PD,68.92;31.08
ADNI_037_S_4706_MR_MPRAGE_br_raw_20140512121321040_42_S218387_I424467.nii.gz,T1,T1,5.50;94.50
ADNI_035_S_4414_MR_MPRAGE_br_raw_20130319165528207_64_S184753_I363749.nii.gz,T1,T1,4.19;95.81
ADNI_073_S_4360_MR_MPRAGE_br_raw_20111117101622036_65_S130051_I267435.nii.gz,T1,T1,7.47;92.53
ADNI_094_S_1027_MR_Axial_STRAIGHT_PD_T2_FSE_br_raw_20071120103514436_1_S42879_I82829.nii.gz,PD,PD,68.79;31.21
ADNI_072_S_4226_MR_MPRAGE_br_raw_20111209125706200_10_S132304_I270727.nii.gz,T1,T1,6.04;93.96
ADNI_041_S_4989_MR_MPRAGE_br_raw_20130430084007911_76_S180126_I354970.nii.gz,T1,T1,8.22;91.78
ADNI_133_S_0727_MR_Axial_PD_T2_FSE__br_raw_20070920125441950_1_S39526_I73854.nii.gz,PD,PD,72.32;27.68
ADNI_031_S_0351_MR_FSE_PD_T2__br_raw_20071112153256360_1_S42553_I81689.nii.gz,PD,PD,90.75;9.25
ADNI_116_S_4199_MR_MPRAGE_br_raw_20131017123800202_145_S204148_I394911.nii.gz,T1,T1,4.34;95.66
ADNI_136_S_1227_MR_Axial_PD_T2_FSE__br_raw_20080307103644646_87_S46739_I95609.nii.gz,PD,PD,68.64;31.36
ADNI_098_S_0667_MR_Axial_PD_T2_FSE__br_raw_20070305105114265_1_S27461_I42597.nii.gz,PD,PD,79.29;20.71
ADNI_007_S_0128_MR_Axial_PD_T2_FSE__br_raw_20080207163428539_67_S45450_I89866.nii.gz,PD,PD,77.17;22.83
ADNI_033_S_0511_MR_Axial_PD_T2_FSE__br_raw_20070608130013135_1_S33269_I56447.nii.gz,PD,PD,73.22;26.78
ADNI_022_S_2263_MR_MPRAGE_br_raw_20130301172303749_146_S183544_I361823.nii.gz,T1,T1,3.87;96.13
ADNI_073_S_4259_MR_MPRAGE_br_raw_20120521152237230_12_S151184_I305665.nii.gz,T1,T1,4.83;95.17
ADNI_072_S_4465_MR_MPRAGE_br_raw_20120515132937109_27_S150437_I304180.nii.gz,T1,T1,4.67;95.33
ADNI_136_S_0874_MR_Axial_PD_T2_FSE__br_raw_20070605152022272_1_S33047_I55987.nii.gz,PD,PD,67.05;32.95
ADNI_116_S_4199_MR_MPRAGE_br_raw_20120907150051458_49_S166547_I332363.nii.gz,T1,T1,5.38;94.62
ADNI_009_S_5252_MR_MPRAGE_br_raw_20140227152524000_59_S213442_I415587.nii.gz,T1,T1,6.48;93.52
ADNI_036_S_0672_MR_MPRAGE_br_raw_20070801152501768_31_S36716_I63673.nii.gz,T1,T1,16.09;83.91
ADNI_053_S_0919_MR_Axial_PD_T2_FSE__br_raw_20111115163034902_81_S129519_I266778.nii.gz,PD,PD,81.55;18.45
ADNI_067_S_4072_MR_MPRAGE_br_raw_20120209113149922_139_S140294_I283640.nii.gz,T1,T1,5.73;94.27
ADNI_067_S_4184_MR_MPRAGE_br_raw_20111219110341534_32_S133710_I272923.nii.gz,T1,T1,6.75;93.25
ADNI_128_S_4607_MR_MPRAGE_br_raw_20150601151858812_104_S261817_I495305.nii.gz,T1,T1,6.04;93.96
ADNI_031_S_4024_MR_MPRAGE_br_raw_20110804161455996_19_S117504_I248872.nii.gz,T1,T1,15.17;84.83
ADNI_023_S_0331_MR_MPRAGE_br_raw_20060324083913796_1_S12428_I12373.nii.gz,T1,T1,11.16;88.84
ADNI_128_S_4599_MR_MPRAGE_br_raw_20150417141952398_64_S256016_I487400.nii.gz,T1,T1,5.24;94.76
ADNI_033_S_1279_MR_Axial_PD_T2_FSE__br_raw_20070219121545870_1_S26693_I40901.nii.gz,PD,PD,70.52;29.48
ADNI_072_S_2116_MR_MPRAGE_br_raw_20121108124622321_48_S173767_I345514.nii.gz,T1,T1,3.69;96.31
ADNI_002_S_0729_MR_Axial_PD_T2_FSE__br_raw_20070905153805180_1_S38906_I71847.nii.gz,PD,PD,69.88;30.12
ADNI_126_S_0606_MR_Axial_PD_T2_FSE_-_48_slices__br_raw_20070131041348510_1_S25768_I37864.nii.gz,PD,PD,72.23;27.77
ADNI_136_S_0107_MR_Axial_PD_T2_FSE__br_raw_20070910084037467_1_S39029_I72045.nii.gz,PD,PD,64.64;35.36
ADNI_009_S_5252_MR_MPRAGE_br_raw_20130718171333134_8_S195586_I381382.nii.gz,T1,T1,5.11;94.89
ADNI_020_S_4920_MR_MPRAGE_br_raw_20130425103701009_170_S187959_I368737.nii.gz,T1,T1,7.30;92.70
ADNI_033_S_1283_MR_Axial_PD_T2_FSE__br_raw_20090225111808787_119_S63546_I136948.nii.gz,PD,PD,74.32;25.68
ADNI_073_S_4216_MR_MPRAGE_br_raw_20120917123801846_48_S167684_I334645.nii.gz,T1,T1,3.94;96.06
ADNI_024_S_4169_MR_MPRAGE_br_raw_20111201135227017_74_S131516_I269482.nii.gz,T1,T1,9.34;90.66
ADNI_006_S_4960_MR_MPRAGE_br_raw_20131106151832149_144_S205571_I397512.nii.gz,T1,T1,14.72;85.28
ADNI_036_S_2378_MR_MPRAGE_br_raw_20110527103856537_22_S110057_I237733.nii.gz,T1,T1,5.76;94.24
ADNI_098_S_0667_MR_Axial_PD_T2_FSE__br_raw_20080124175427472_1_S44890_I88497.nii.gz,PD,PD,83.98;16.02
ADNI_036_S_2378_MR_MPRAGE_br_raw_20110909132655736_91_S121636_I255341.nii.gz,T1,T1,5.05;94.95
ADNI_072_S_2116_MR_MPRAGE_br_raw_20110426095814195_114_S105120_I228927.nii.gz,T1,T1,3.70;96.30
ADNI_020_S_0213_MR_MPRAGE_br_raw_20060322151908843_98_S12386_I12299.nii.gz,T1,T1,9.87;90.13
ADNI_127_S_1427_MR_Axial_PD_T2_FSE__br_raw_20080221185046344_19_S46019_I91509.nii.gz,PD,PD,65.55;34.45
ADNI_053_S_0621_MR_Axial_PD_T2_FSE__br_raw_20080110092201109_1_S44455_I86885.nii.gz,PD,PD,76.42;23.58
ADNI_031_S_4194_MR_MPRAGE_br_raw_20110914155156945_86_S121594_I255288.nii.gz,T1,T1,11.25;88.75
ADNI_137_S_4852_MR_MPRAGE_br_raw_20120802092236751_154_S159296_I321127.nii.gz,T1,T1,7.40;92.60
ADNI_021_S_0753_MR_Axial_PD_T2_FSE__br_raw_20070315134159981_93_S28161_I44823.nii.gz,PD,PD,93.51;6.49
ADNI_033_S_1309_MR_Axial_PD_T2_FSE__br_raw_20070913163537047_1_S39275_I73185.nii.gz,PD,PD,80.83;19.17
ADNI_002_S_0954_MR_Axial_PD_T2_FSE__br_raw_20070503232224389_1_S31732_I53468.nii.gz,PD,PD,60.27;39.73
ADNI_011_S_0856_MR_MPRAGE_br_raw_20070330083435364_1_S29108_I47529.nii.gz,T1,T1,10.41;89.59
ADNI_031_S_4024_MR_MPRAGE_br_raw_20110425135648715_88_S105088_I228879.nii.gz,T1,T1,12.60;87.40
ADNI_036_S_0672_MR_MPRAGE_br_raw_20060724092333840_1_S17131_I19462.nii.gz,T1,T1,13.26;86.74
ADNI_072_S_4063_MR_MPRAGE_br_raw_20120627131934169_67_S155700_I313063.nii.gz,T1,T1,4.93;95.07
ADNI_036_S_4562_MR_MPRAGE_br_raw_20120417095419579_52_S147071_I297185.nii.gz,T1,T1,5.95;94.05
ADNI_002_S_0729_MR_Axial_PD_T2_FSE__br_raw_20060718015629956_27_S16873_I19056.nii.gz,PD,PD,74.18;25.82
ADNI_068_S_4061_MR_MPRAGE_br_raw_20111228134812371_156_S134998_I274631.nii.gz,T1,T1,5.68;94.32
ADNI_068_S_2187_MR_MPRAGE_br_raw_20111228110618585_165_S134991_I274620.nii.gz,T1,T1,5.76;94.24
ADNI_033_S_0511_MR_Axial_PD_T2_FSE__br_raw_20061208144101881_1_S23682_I32338.nii.gz,PD,PD,72.58;27.42
ADNI_033_S_1279_MR_Axial_PD_T2_FSE__br_raw_20070913161207774_1_S39262_I73136.nii.gz,PD,PD,76.42;23.58
ADNI_016_S_1121_MR_MPRAGE_br_raw_20080104111800354_98_S44323_I86564.nii.gz,T1,T1,3.74;96.26
ADNI_009_S_4324_MR_MPRAGE_br_raw_20121114162609053_71_S174627_I346697.nii.gz,T1,T1,4.21;95.79
ADNI_041_S_4143_MR_MPRAGE_br_raw_20120905085855684_42_S166039_I330192.nii.gz,T1,T1,4.63;95.37
ADNI_003_S_1057_MR_MPRAGE_br_raw_20071024103335026_97_S41854_I78403.nii.gz,T1,T1,13.25;86.75
ADNI_036_S_4562_MR_MPRAGE_br_raw_20121010144434513_3_S170366_I339371.nii.gz,T1,T1,6.78;93.22
ADNI_037_S_0588_MR_FSE_PD_T2__br_raw_20070705105734586_1_S34404_I58522.nii.gz,PD,PD,93.89;6.11
ADNI_023_S_4502_MR_MPRAGE_br_raw_20121026125748053_39_S172393_I342722.nii.gz,T1,T1,5.95;94.05
ADNI_009_S_4324_MR_MPRAGE_br_raw_20111116230527734_63_S129810_I267163.nii.gz,T1,T1,4.56;95.44
ADNI_137_S_0366_MR_Axial_PD_T2_FSE__br_raw_20060510153758470_1_S14202_I14919.nii.gz,PD,PD,89.32;10.68
ADNI_019_S_5019_MR_MPRAGE_br_raw_20130515161809280_66_S189496_I372477.nii.gz,T1,T1,13.80;86.20
ADNI_053_S_0507_MR_MPRAGE_br_raw_20071127133956046_86_S43019_I83428.nii.gz,T1,T1,8.13;91.87
ADNI_027_S_1385_MR_Axial_PD_T2_FSE__br_raw_20070314200227905_1_S28131_I44776.nii.gz,PD,PD,77.08;22.92
ADNI_099_S_4480_MR_MPRAGE_br_raw_20120217071401436_134_S141072_I285329.nii.gz,T1,T1,5.81;94.19
ADNI_052_S_0671_MR_Axial_PD_T2_FSE__br_raw_20080115141226375_1_S44565_I87422.nii.gz,PD,PD,70.24;29.76
ADNI_072_S_4941_MR_MPRAGE_br_raw_20121011131217973_33_S170468_I339522.nii.gz,T1,T1,4.22;95.78
ADNI_031_S_0830_MR_FSE_PD_T2__br_raw_20060913152724140_1_S18848_I24283.nii.gz,PD,PD,97.50;2.50
ADNI_072_S_4226_MR_MPRAGE_br_raw_20110926095426702_145_S123327_I257895.nii.gz,T1,T1,6.23;93.77
ADNI_128_S_4599_MR_MPRAGE_br_raw_20120319091450950_142_S144117_I290869.nii.gz,T1,T1,5.62;94.38
ADNI_073_S_0652_MR_MPRAGE_br_raw_20061128112810164_98_S22998_I30649.nii.gz,T1,T1,14.42;85.58
ADNI_037_S_4146_MR_MPRAGE_br_raw_20120322084148267_143_S144461_I291608.nii.gz,T1,T1,4.38;95.62
ADNI_032_S_0147_MR____________mprage__br_raw_20070221182552162_1_S26881_I41232.nii.gz,T1,T1,8.78;91.22
ADNI_116_S_0834_MR_FSE_PD_T2__br_raw_20080424153525958_1_S49264_I103909.nii.gz,PD,PD,92.54;7.46
ADNI_131_S_0319_MR_Axial_PD_T2_FSE__br_raw_20060321155657259_1_S12321_I12193.nii.gz,PD,PD,74.66;25.34
ADNI_067_S_4310_MR_MPRAGE_br_raw_20131111134750864_24_S205916_I397980.nii.gz,T1,T1,3.94;96.06
ADNI_021_S_0753_MR_Axial_PD_T2_FSE__br_raw_20081008145553093_19_S57133_I119752.nii.gz,PD,PD,94.97;5.03
ADNI_033_S_0922_MR_Axial_PD_T2_FSE__br_raw_20060926174640754_1_S19339_I25090.nii.gz,PD,PD,72.00;28.00
ADNI_127_S_1382_MR_Axial_PD_T2_FSE__br_raw_20080425135341767_1_S49318_I103998.nii.gz,PD,PD,64.29;35.71
ADNI_033_S_0513_MR_Axial_PD_T2_FSE__br_raw_20061208111655496_1_S23653_I32260.nii.gz,PD,PD,80.55;19.45
ADNI_002_S_0729_MR_Axial_PD_T2_FSE__br_raw_20080929184804848_1_S56794_I118539.nii.gz,PD,PD,67.44;32.56
ADNI_128_S_0200_MR_MPRAGE_br_raw_20060914213729373_1_S18928_I24431.nii.gz,T1,T1,16.60;83.40
ADNI_130_S_0102_MR_Axial_PD_T2_FSE__br_raw_20060103135000234_1_S10745_I9708.nii.gz,PD,PD,71.67;28.33
ADNI_136_S_1227_MR_Axial_PD_T2_FSE__br_raw_20070212165059309_1_S26397_I39560.nii.gz,PD,PD,73.40;26.60
ADNI_073_S_4360_MR_MPRAGE_br_raw_20130227191348310_73_S183342_I361561.nii.gz,T1,T1,7.98;92.02
ADNI_041_S_4513_MR_MPRAGE_br_raw_20130301141049160_57_S183537_I361812.nii.gz,T1,T1,3.79;96.21
ADNI_136_S_0429_MR_Axial_PD_T2_FSE__br_raw_20090714145531016_1_S69983_I148976.nii.gz,PD,PD,70.42;29.58
ADNI_116_S_4199_MR_MPRAGE_br_raw_20120321143647718_138_S144453_I291540.nii.gz,T1,T1,4.15;95.85
ADNI_024_S_4169_MR_MPRAGE_br_raw_20120229173221190_86_S142152_I287239.nii.gz,T1,T1,10.01;89.99
ADNI_011_S_2274_MR_MPRAGE_br_raw_20110505140341975_54_S108102_I233439.nii.gz,T1,T1,5.41;94.59
ADNI_072_S_4465_MR_MPRAGE_br_raw_20161001105627992_174_S503212_I780832.nii.gz,T1,T1,4.30;95.70
ADNI_020_S_4920_MR_MPRAGE_br_raw_20121221094956230_109_S178485_I352681.nii.gz,T1,T1,7.87;92.13
ADNI_072_S_4769_MR_MPRAGE_br_raw_20121018091428761_168_S171340_I340968.nii.gz,T1,T1,5.72;94.28
ADNI_133_S_0727_MR_Axial_PD_T2_FSE__br_raw_20060907170950885_1_S18618_I23938.nii.gz,PD,PD,70.38;29.62
ADNI_068_S_2187_MR_MPRAGE_br_raw_20110627132011728_88_S112609_I241819.nii.gz,T1,T1,5.79;94.21
ADNI_037_S_0588_MR_FSE_PD_T2__br_raw_20060726085037577_95_S17250_I19635.nii.gz,PD,PD,94.49;5.51
ADNI_136_S_0300_MR_Axial_PD_T2_FSE__br_raw_20070530073402206_1_S32744_I55412.nii.gz,PD,PD,77.89;22.11
ADNI_133_S_0913_MR_MPRAGE_br_raw_20080724144950671_1_S54090_I114262.nii.gz,T1,T1,2.30;97.70
ADNI_037_S_0588_MR_FSE_PD_T2__br_raw_20071214161204654_1_S43875_I85061.nii.gz,PD,PD,98.00;2.00
ADNI_052_S_0671_MR_Axial_PD_T2_FSE__br_raw_20070704162918999_1_S34388_I58494.nii.gz,PD,PD,65.52;34.48
ADNI_072_S_4941_MR_MPRAGE_br_raw_20150506151003087_68_S257843_I489877.nii.gz,T1,T1,3.89;96.11
ADNI_013_S_2389_MR_MPRAGE_br_raw_20110920161639189_36_S122818_I257110.nii.gz,T1,T1,10.35;89.65
ADNI_094_S_1027_MR_Axial__STRAIGHT__PD_T2_FSE_br_raw_20070515142121580_1_S32271_I54465.nii.gz,PD,PD,64.51;35.49
ADNI_011_S_0022_MR_MPRAGE_br_raw_20051012135455195_1_S9616_I7721.nii.gz,T1,T1,10.62;89.38
ADNI_137_S_4623_MR_MPRAGE_br_raw_20120404113818340_130_S146005_I295426.nii.gz,T1,T1,10.18;89.82
ADNI_072_S_2027_MR_MPRAGE_br_raw_20100722144412950_1_S89417_I185624.nii.gz,T1,T1,4.32;95.68
ADNI_036_S_4714_MR_MPRAGE_br_raw_20120730164113034_77_S158965_I319663.nii.gz,T1,T1,7.32;92.68
ADNI_036_S_4714_MR_MPRAGE_br_raw_20120522093218949_31_S150197_I303274.nii.gz,T1,T1,6.89;93.11
ADNI_094_S_1027_MR_Axial_PD_T2_FSE__br_raw_20061027105638952_1_S21206_I27722.nii.gz,PD,PD,63.12;36.88
ADNI_021_S_0231_MR_Axial_PD_T2_FSE__br_raw_20070920100518863_35_S39501_I73824.nii.gz,PD,PD,93.92;6.08
ADNI_116_S_1249_MR_FSE_PD_T2__br_raw_20070208112343796_1_S26085_I38469.nii.gz,PD,PD,88.53;11.47
ADNI_133_S_0913_MR_Axial_PD_T2_FSE__br_raw_20070104122651553_1_S24644_I35169.nii.gz,PD,PD,71.65;28.35
ADNI_130_S_0449_MR_Axial_PD_T2_FSE__br_raw_20140724182016099_49_S225860_I436757.nii.gz,PD,PD,75.82;24.18
ADNI_009_S_1030_MR_Axial_PD_T2_FSE__br_raw_20091109172927611_1_S75992_I158469.nii.gz,PD,PD,95.76;4.24
ADNI_073_S_4795_MR_MPRAGE_br_raw_20120606151852821_163_S153047_I308459.nii.gz,T1,T1,5.96;94.04
ADNI_072_S_4769_MR_MPRAGE_br_raw_20140724122456758_173_S225769_I436601.nii.gz,T1,T1,4.50;95.50
ADNI_067_S_1253_MR_MPRAGE_br_raw_20070403120122650_98_S29241_I47973.nii.gz,T1,T1,4.46;95.54
ADNI_041_S_4874_MR_MPRAGE_br_raw_20130820114620886_36_S198247_I386092.nii.gz,T1,T1,5.57;94.43
ADNI_041_S_4271_MR_MPRAGE_br_raw_20131017074024025_99_S204057_I394728.nii.gz,T1,T1,4.78;95.22
ADNI_027_S_1082_MR_Axial_PD_T2_FSE__br_raw_20070606150505653_1_S33127_I56167.nii.gz,PD,PD,79.33;20.67
ADNI_033_S_0733_MR_MPRAGE_br_raw_20070216142542884_98_S26652_I40627.nii.gz,T1,T1,2.64;97.36
ADNI_023_S_4448_MR_MPRAGE_br_raw_20130301095403710_136_S183430_I361686.nii.gz,T1,T1,6.48;93.52
ADNI_053_S_0919_MR_Axial_PD_T2_FSE__br_raw_20101104125932265_45_S94274_I202610.nii.gz,PD,PD,83.12;16.88
ADNI_072_S_2027_MR_MPRAGE_br_raw_20120809154153691_149_S160419_I322985.nii.gz,T1,T1,4.66;95.34
ADNI_941_S_4187_MR_MPRAGE_br_raw_20120229162202283_139_S142109_I287138.nii.gz,T1,T1,2.87;97.13
ADNI_067_S_1253_MR_MPRAGE_br_raw_20070306140415638_98_S27559_I42887.nii.gz,T1,T1,12.01;87.99
ADNI_037_S_0588_MR_FSE_PD_T2__br_raw_20061208092733739_1_S23600_I32148.nii.gz,PD,PD,94.86;5.14
ADNI_130_S_0289_MR_Axial_PD_T2_FSE__br_raw_20080721130224267_25_S53685_I113607.nii.gz,PD,PD,71.58;28.42
ADNI_027_S_0485_MR_Axial_PD_T2_FSE__br_raw_20061121094750482_1_S22731_I30209.nii.gz,PD,PD,76.02;23.98
ADNI_126_S_0606_MR_Axial_PD_T2_FSE__br_raw_20060814140706303_1_S17815_I20486.nii.gz,PD,PD,80.06;19.94
ADNI_072_S_4465_MR_MPRAGE_br_raw_20130213162443344_18_S182160_I358981.nii.gz,T1,T1,4.66;95.34
ADNI_021_S_0273_MR_Axial_PD_T2_FSE__br_raw_20070529145812869_73_S32732_I55393.nii.gz,PD,PD,96.00;4.00
ADNI_053_S_0507_MR_Axial_PD_T2_FSE__br_raw_20080612100408765_1_S51483_I109315.nii.gz,PD,PD,70.66;29.34
ADNI_094_S_1417_MR_Axial_STRAIGHT_PD_T2_FSE_br_raw_20100915132630274_19_S92132_I192830.nii.gz,PD,PD,75.02;24.98
ADNI_067_S_2304_MR_MPRAGE_br_raw_20110224103419715_155_S100454_I219904.nii.gz,T1,T1,5.30;94.70
ADNI_002_S_2010_MR_MPRAGE_br_raw_20101022214823527_109_S93650_I199147.nii.gz,T1,T1,10.51;89.49
ADNI_041_S_4989_MR_MPRAGE_br_raw_20131028093019106_41_S204928_I396060.nii.gz,T1,T1,8.31;91.69
ADNI_072_S_2027_MR_MPRAGE_br_raw_20110822120616957_61_S119850_I252038.nii.gz,T1,T1,5.11;94.89
ADNI_072_S_2093_MR_MPRAGE_br_raw_20150506123126939_5_S257749_I489768.nii.gz,T1,T1,7.07;92.93
ADNI_016_S_1263_MR_MPRAGE_br_raw_20070301130540411_98_S27304_I42082.nii.gz,T1,T1,15.15;84.85
ADNI_941_S_4187_MR_MPRAGE_br_raw_20130911142431936_4_S200331_I389469.nii.gz,T1,T1,3.78;96.22
ADNI_037_S_4706_MR_MPRAGE_br_raw_20130508105152860_29_S188861_I371504.nii.gz,T1,T1,3.94;96.06
ADNI_029_S_1073_MR_Axial_PD_T2_FSE__br_raw_20100114163531511_5_S78482_I163763.nii.gz,PD,PD,71.14;28.86
ADNI_073_S_1207_MR_MPRAGE_br_raw_20070220153112593_98_S26777_I41074.nii.gz,T1,T1,14.27;85.73
ADNI_037_S_0552_MR_FSE_PD_T2__br_raw_20070103121005010_1_S24609_I35114.nii.gz,PD,PD,87.13;12.87
ADNI_011_S_0022_MR_MPRAGE_br_raw_20061024105050974_1_S20819_I27231.nii.gz,T1,T1,10.52;89.48
ADNI_137_S_0443_MR_Axial_PD_T2_FSE__br_raw_20060615131558245_1_S15549_I17031.nii.gz,PD,PD,92.81;7.19
ADNI_137_S_4852_MR_MPRAGE_br_raw_20130321074157028_89_S184829_I363856.nii.gz,T1,T1,7.31;92.69
ADNI_029_S_1073_MR_Axial_PD_T2_FSE__br_raw_20080505110246234_51_S49627_I104613.nii.gz,PD,PD,69.48;30.52
ADNI_033_S_0922_MR_Axial_PD_T2_FSE__br_raw_20070430133736000_1_S31134_I52241.nii.gz,PD,PD,62.88;37.12
ADNI_031_S_4024_MR_MPRAGE_br_raw_20111031124445941_133_S127381_I263857.nii.gz,T1,T1,11.64;88.36
ADNI_036_S_0672_MR_MPRAGE_br_raw_20080811183542864_1_S55246_I115896.nii.gz,T1,T1,12.47;87.53
ADNI_029_S_1073_MR_Axial_PD_T2_FSE__br_raw_20100114163522268_3_S78483_I163764.nii.gz,PD,PD,67.12;32.88
ADNI_094_S_1397_MR_Axial_STRAIGHT_PD_T2_FSE_br_raw_20071120143308278_1_S42908_I82871.nii.gz,PD,PD,68.25;31.75
ADNI_137_S_0669_MR_Axial_PD_T2_FSE__br_raw_20070827114325887_1_S38409_I70346.nii.gz,PD,PD,94.23;5.77
ADNI_131_S_5138_MR_MPRAGE_br_raw_20130710120123915_8_S194402_I379704.nii.gz,T1,T1,16.95;83.05
ADNI_067_S_1253_MR_MPRAGE_br_raw_20070918083354698_98_S39391_I73477.nii.gz,T1,T1,14.61;85.39
ADNI_041_S_4271_MR_MPRAGE_br_raw_20121022135116245_124_S171629_I341559.nii.gz,T1,T1,5.40;94.60
ADNI_114_S_2392_MR_MPRAGE_br_raw_20111203142405552_171_S131684_I269730.nii.gz,T1,T1,7.06;92.94
ADNI_137_S_0669_MR_Axial_PD_T2_FSE__br_raw_20070226123125878_1_S27109_I41613.nii.gz,PD,PD,97.50;2.50
ADNI_032_S_5289_MR_MPRAGE_br_raw_20131016151917586_23_S204015_I394658.nii.gz,T1,T1,5.55;94.45
ADNI_033_S_0513_MR_Axial_PD_T2_FSE__br_raw_20070606103049227_1_S33068_I56076.nii.gz,PD,PD,74.54;25.46
ADNI_033_S_5087_MR_MPRAGE_br_raw_20130524114449696_140_S190476_I373785.nii.gz,T1,T1,4.57;95.43
ADNI_109_S_1343_MR_MPRAGE_br_raw_20070323134029069_1_S28820_I46508.nii.gz,T1,T1,14.91;85.09
ADNI_128_S_2123_MR_MPRAGE_br_raw_20101026163320894_94_S93738_I199265.nii.gz,T1,T1,6.78;93.22
ADNI_011_S_0856_MR_MPRAGE_br_raw_20081002093141309_1_S56926_I118964.nii.gz,T1,T1,9.52;90.48
ADNI_053_S_0919_MR_Axial_PD_T2_FSE__br_raw_20070508122048428_1_S31891_I53771.nii.gz,PD,PD,86.24;13.76
ADNI_052_S_0671_MR_Axial_PD_T2_FSE__br_raw_20070119145941059_1_S25299_I36831.nii.gz,PD,PD,69.67;30.33
ADNI_029_S_1073_MR_Axial_PD_T2_FSE__br_raw_20080214105807800_1_S45679_I90386.nii.gz,PD,PD,70.30;29.70
ADNI_012_S_0689_MR_MPRAGE_br_raw_20070111081429250_1_S24939_I35973.nii.gz,T1,T1,14.34;85.66
ADNI_137_S_4623_MR_MPRAGE_br_raw_20130513135204043_23_S189200_I372101.nii.gz,T1,T1,12.09;87.91
ADNI_011_S_0022_MR_MPRAGE_br_raw_20060606105324300_1_S15232_I16534.nii.gz,T1,T1,10.46;89.54
ADNI_031_S_4042_MR_MPRAGE_br_raw_20110516160224171_12_S109059_I235235.nii.gz,T1,T1,16.46;83.54
ADNI_003_S_0908_MR_MPRAGE_br_raw_20070522102630180_101_S32516_I54988.nii.gz,T1,T1,13.07;86.93
ADNI_033_S_0513_MR_Axial_PD_T2_FSE__br_raw_20080529141041640_1_S50759_I107769.nii.gz,PD,PD,76.52;23.48
ADNI_073_S_4259_MR_MPRAGE_br_raw_20121210121419802_141_S176943_I350413.nii.gz,T1,T1,5.00;95.00
ADNI_130_S_0956_MR_Axial_PD_T2_FSE__br_raw_20061022182816688_1_S20666_I27031.nii.gz,PD,PD,86.63;13.37
ADNI_033_S_0733_MR_MPRAGE_br_raw_20060821115745455_98_S18048_I21947.nii.gz,T1,T1,3.28;96.72
ADNI_005_S_0221_MR_Axial_PD_T2_FSE__br_raw_20070320145351422_1_S28458_I45702.nii.gz,PD,PD,87.62;12.38
ADNI_137_S_0994_MR_MPRAGE_br_raw_20121114131655021_169_S174512_I346548.nii.gz,T1,T1,7.79;92.21
ADNI_133_S_0913_MR_MPRAGE_br_raw_20070118145021179_1_S25233_I36702.nii.gz,T1,T1,2.31;97.69
ADNI_009_S_4741_MR_MPRAGE_br_raw_20130725144644450_14_S196458_I382492.nii.gz,T1,T1,3.93;96.07
ADNI_073_S_4259_MR_MPRAGE_br_raw_20120127133139195_86_S138743_I281109.nii.gz,T1,T1,5.32;94.68
ADNI_098_S_0269_MR_Axial_PD_T2_FSE__br_raw_20080407153320627_1_S48328_I101190.nii.gz,PD,PD,75.12;24.88
ADNI_002_S_1280_MR_Axial_PD_T2_FSE__br_raw_20070213212826831_1_S26451_I40081.nii.gz,PD,PD,61.45;38.55
ADNI_053_S_1044_MR_Axial_PD_T2_FSE__br_raw_20070611161144984_1_S33447_I56738.nii.gz,PD,PD,90.05;9.95
ADNI_053_S_0621_MR_Axial_PD_T2_FSE__br_raw_20090622123356531_1_S69083_I146579.nii.gz,PD,PD,78.45;21.55
ADNI_014_S_4079_MR_MPRAGE_br_raw_20110922132000457_26_S123018_I257454.nii.gz,T1,T1,5.61;94.39
ADNI_011_S_2274_MR_MPRAGE_br_raw_20110819154214417_23_S119770_I251937.nii.gz,T1,T1,5.99;94.01
ADNI_136_S_0874_MR_Axial_PD_T2_FSE__br_raw_20070605152015052_1_S33046_I55986.nii.gz,PD,PD,76.95;23.05
ADNI_127_S_1427_MR_Axial_PD_T2_FSE__br_raw_20070821105852680_1_S37932_I69354.nii.gz,PD,PD,66.68;33.32
ADNI_073_S_4552_MR_MPRAGE_br_raw_20130423135748598_4_S187757_I368465.nii.gz,T1,T1,3.99;96.01
ADNI_031_S_4024_MR_MPRAGE_br_raw_20120417144644539_160_S147390_I297848.nii.gz,T1,T1,9.74;90.26
ADNI_053_S_0919_MR_Axial_PD_T2_FSE__br_raw_20061019154812933_1_S20421_I26737.nii.gz,PD,PD,86.76;13.24
ADNI_033_S_1279_MR_Axial_PD_T2_FSE__br_raw_20080303095720406_1_S46507_I94994.nii.gz,PD,PD,70.52;29.48
ADNI_031_S_4029_MR_MPRAGE_br_raw_20110428120258332_12_S105514_I229510.nii.gz,T1,T1,15.52;84.48
ADNI_023_S_4502_MR_MPRAGE_br_raw_20120306170516346_176_S142877_I288461.nii.gz,T1,T1,6.06;93.94
ADNI_067_S_2304_MR_MPRAGE_br_raw_20120301151926068_157_S142256_I287405.nii.gz,T1,T1,5.77;94.23
ADNI_020_S_1288_MR_MPRAGE_br_raw_20070314125122828_63_S28081_I44672.nii.gz,T1,T1,3.55;96.45
ADNI_012_S_4094_MR_MPRAGE_br_raw_20120125140342562_1_S138470_I280647.nii.gz,T1,T1,11.26;88.74
ADNI_068_S_2187_MR_MPRAGE_br_raw_20110222150748297_171_S100273_I219045.nii.gz,T1,T1,6.03;93.97
ADNI_037_S_0552_MR_FSE_PD_T2__br_raw_20071030154807644_95_S42049_I79680.nii.gz,PD,PD,87.22;12.78
ADNI_130_S_0969_MR_Axial_PD_T2_FSE__br_raw_20061019144433075_25_S20383_I26687.nii.gz,PD,PD,61.51;38.49
ADNI_014_S_4079_MR_MPRAGE_br_raw_20110616135301981_156_S111787_I240513.nii.gz,T1,T1,5.81;94.19
ADNI_130_S_4982_MR_MPRAGE_br_raw_20130429175836003_162_S188331_I369298.nii.gz,T1,T1,12.20;87.80
ADNI_029_S_0871_MR_Axial_PD_T2_FSE__br_raw_20061219112501781_1_S24245_I33716.nii.gz,PD,PD,75.46;24.54
ADNI_035_S_2074_MR_MPRAGE_br_raw_20101123103549001_86_S95156_I206273.nii.gz,T1,T1,3.48;96.52
ADNI_013_S_4236_MR_MPRAGE_br_raw_20111017153716788_164_S125458_I261159.nii.gz,T1,T1,9.41;90.59
ADNI_099_S_4480_MR_MPRAGE_br_raw_20120905080724362_17_S166054_I330216.nii.gz,T1,T1,6.17;93.83
ADNI_029_S_1073_MR_Axial_PD_T2_FSE__br_raw_20070625175105515_15_S34005_I57734.nii.gz,PD,PD,75.97;24.03
ADNI_130_S_4997_MR_MPRAGE_br_raw_20121120141641968_22_S175145_I347410.nii.gz,T1,T1,13.14;86.86
ADNI_037_S_4432_MR_MPRAGE_br_raw_20120201145342324_113_S139251_I282045.nii.gz,T1,T1,8.69;91.31
ADNI_037_S_4706_MR_MPRAGE_br_raw_20121105131930553_152_S173236_I343897.nii.gz,T1,T1,4.83;95.17
ADNI_016_S_0769_MR_MPRAGE_br_raw_20070911101517448_154_S17720_I20362.nii.gz,T1,T1,10.95;89.05
ADNI_020_S_1288_MR_MPRAGE_br_raw_20100313093708625_78_S81078_I167858.nii.gz,T1,T1,10.52;89.48
ADNI_123_S_4806_MR_MPRAGE_br_raw_20130115145151150_28_S180211_I355103.nii.gz,T1,T1,4.09;95.91
ADNI_067_S_4072_MR_MPRAGE_br_raw_20120713115342682_118_S157550_I316253.nii.gz,T1,T1,6.17;93.83
ADNI_041_S_4271_MR_MPRAGE_br_raw_20120124134836730_105_S138269_I280272.nii.gz,T1,T1,6.42;93.58
ADNI_003_S_0908_MR_MPRAGE_br_raw_20080225165642255_98_S46187_I92660.nii.gz,T1,T1,10.75;89.25
ADNI_041_S_4874_MR_MPRAGE_br_raw_20130306163444190_89_S183787_I362185.nii.gz,T1,T1,4.60;95.40
ADNI_127_S_1427_MR_Axial_PD_T2_FSE__br_raw_20080905102023852_1_S56225_I117509.nii.gz,PD,PD,71.72;28.28
ADNI_012_S_4094_MR_MPRAGE_br_raw_20110708124142124_10_S114032_I243881.nii.gz,T1,T1,11.67;88.33
ADNI_073_S_4216_MR_MPRAGE_br_raw_20151009150414371_94_S284190_I524274.nii.gz,T1,T1,3.69;96.31
ADNI_013_S_4268_MR_MPRAGE_br_raw_20111102113957291_58_S127831_I264420.nii.gz,T1,T1,15.88;84.12
ADNI_005_S_0221_MR_Axial_PD_T2_FSE__br_raw_20080424162928270_1_S49278_I103933.nii.gz,PD,T1,47.56;52.44
ADNI_027_S_0485_MR_Axial_PD_T2_FSE__br_raw_20070531084507104_1_S32856_I55617.nii.gz,PD,PD,75.01;24.99
ADNI_006_S_0484_MR_Axial_PD_T2_FSE__br_raw_20060622091006656_95_S15772_I17375.nii.gz,PD,PD,57.95;42.05
ADNI_036_S_2378_MR_MPRAGE_br_raw_20150810143859930_112_S268460_I504710.nii.gz,T1,T1,4.79;95.21
ADNI_051_S_1072_MR_MPRAGE_br_raw_20070917153141707_95_S39334_I73381.nii.gz,T1,T1,5.91;94.09
ADNI_041_S_0679_MR_MPRAGE_br_raw_20070814092203359_98_S37276_I67547.nii.gz,T1,T1,12.84;87.16
ADNI_035_S_4085_MR_MPRAGE_br_raw_20110707140147805_134_S113977_I243803.nii.gz,T1,T1,6.57;93.43
ADNI_020_S_4920_MR_MPRAGE_br_raw_20121207145620168_2_S167565_I334258.nii.gz,T1,T1,7.18;92.82
ADNI_053_S_0507_MR_MPRAGE_br_raw_20080612092754828_86_S51463_I109282.nii.gz,T1,T1,7.74;92.26
ADNI_041_S_4989_MR_MPRAGE_br_raw_20141112084239671_1_S236494_I453212.nii.gz,T1,T1,7.53;92.47
ADNI_016_S_1121_MR_MPRAGE_br_raw_20081222145750472_137_S61064_I132087.nii.gz,T1,T1,14.38;85.62
ADNI_123_S_4127_MR_MPRAGE_br_raw_20120215152125698_5_S140907_I285019.nii.gz,T1,T1,11.07;88.93
ADNI_128_S_2123_MR_MPRAGE_br_raw_20111221103432368_88_S134342_I273742.nii.gz,T1,T1,6.72;93.28
ADNI_131_S_0691_MR_Axial_PD_T2_FSE__br_raw_20070212160446322_1_S26380_I39501.nii.gz,PD,T1,48.51;51.49
ADNI_114_S_0410_MR_MPRAGE_br_raw_20060418104549908_98_S13289_I13595.nii.gz,T1,T1,17.04;82.96
ADNI_037_S_4028_MR_MPRAGE_br_raw_20111115145326551_45_S116844_I247840.nii.gz,T1,T1,8.38;91.62
ADNI_130_S_0289_MR_Axial_PD_T2_FSE__br_raw_20060928134907462_1_S19470_I25302.nii.gz,PD,PD,74.36;25.64
ADNI_002_S_0729_MR_Axial_PD_T2_FSE__br_raw_20100722173740049_17_S89462_I186072.nii.gz,PD,PD,72.64;27.36
ADNI_035_S_2074_MR_MPRAGE_br_raw_20121210110616388_95_S176874_I350290.nii.gz,T1,T1,3.40;96.60
ADNI_126_S_0606_MR_Axial_PD_T2_FSE__br_raw_20080731122255753_1_S54551_I114942.nii.gz,PD,PD,86.35;13.65
ADNI_072_S_2070_MR_MPRAGE_br_raw_20101217105513485_173_S96709_I209014.nii.gz,T1,T1,7.10;92.90
ADNI_128_S_4607_MR_MPRAGE_br_raw_20120326110850912_176_S144704_I293375.nii.gz,T1,T1,6.26;93.74
ADNI_067_S_0029_MR_MPRAGE_br_raw_20060525142050231_63_S14925_I16031.nii.gz,T1,T1,12.52;87.48
ADNI_020_S_4619_MR_MPRAGE_br_raw_20120419073120435_94_S147630_I298388.nii.gz,T1,T1,5.66;94.34
ADNI_002_S_2073_MR_MPRAGE_br_raw_20100908060239351_35_S91784_I192256.nii.gz,T1,T1,12.94;87.06
ADNI_041_S_0679_MR_MPRAGE_br_raw_20070209155420484_98_S26256_I39044.nii.gz,T1,T1,13.37;86.63
ADNI_073_S_5016_MR_MPRAGE_br_raw_20121025143537810_122_S172362_I342679.nii.gz,T1,T1,9.15;90.85
ADNI_041_S_4143_MR_MPRAGE_br_raw_20110729115217862_11_S116735_I247654.nii.gz,T1,T1,4.26;95.74
ADNI_031_S_4029_MR_MPRAGE_br_raw_20111110170910078_119_S128917_I265965.nii.gz,T1,T1,14.38;85.62
ADNI_116_S_4199_MR_MPRAGE_br_raw_20110825135128784_131_S120348_I252816.nii.gz,T1,T1,3.91;96.09
ADNI_009_S_4564_MR_MPRAGE_br_raw_20120312094555037_80_S143615_I289790.nii.gz,T1,T1,5.66;94.34
ADNI_094_S_1402_MR_Axial_PD_T2_FSE__br_raw_20080523105810564_1_S50487_I106641.nii.gz,PD,PD,84.78;15.22
ADNI_007_S_0128_MR_Axial_PD_T2_FSE__br_raw_20060815202411132_9_S17901_I20614.nii.gz,PD,PD,70.39;29.61
ADNI_020_S_1288_MR_MPRAGE_br_raw_20090325131407718_1_S65063_I139834.nii.gz,T1,T1,11.78;88.22
ADNI_006_S_4960_MR_MPRAGE_br_raw_20151116142110440_87_S308849_I554367.nii.gz,T1,T1,18.68;81.32
ADNI_136_S_0429_MR_Axial_PD_T2_FSE__br_raw_20080625142623335_1_S51819_I110069.nii.gz,PD,PD,66.60;33.40
ADNI_021_S_0273_MR_Axial_PD_T2_FSE__br_raw_20071005130413956_63_S41007_I76866.nii.gz,PD,PD,96.05;3.95
ADNI_016_S_0769_MR_MPRAGE_br_raw_20140707164802278_135_S224362_I434606.nii.gz,T1,T1,10.80;89.20
ADNI_036_S_4562_MR_MPRAGE_br_raw_20120713100218856_107_S157519_I316201.nii.gz,T1,T1,6.59;93.41
ADNI_098_S_0269_MR_Axial_PD_T2_FSE__br_raw_20071015171153390_95_S41489_I77788.nii.gz,PD,PD,76.12;23.88
ADNI_037_S_4028_MR_MPRAGE_br_raw_20111121135742602_98_S130260_I267802.nii.gz,T1,T1,7.91;92.09
ADNI_036_S_4715_MR_MPRAGE_br_raw_20140603131118144_94_S221458_I429594.nii.gz,T1,T1,8.04;91.96
ADNI_031_S_4590_MR_MPRAGE_br_raw_20140321150030934_131_S214640_I417560.nii.gz,T1,T1,15.83;84.17
ADNI_041_S_4271_MR_MPRAGE_br_raw_20111011124607848_69_S125037_I260507.nii.gz,T1,T1,5.51;94.49
ADNI_014_S_0357_MR_Axial_PD_T2_FSE__br_raw_20060405163858626_1_S12822_I12961.nii.gz,PD,PD,71.91;28.09
ADNI_010_S_0422_MR_MPRAGE_br_raw_20070405103051916_79_S29319_I48188.nii.gz,T1,T1,17.39;82.61
ADNI_024_S_4169_MR_MPRAGE_br_raw_20130927175259867_48_S202418_I392473.nii.gz,T1,T1,7.90;92.10
ADNI_114_S_0410_MR_MPRAGE_br_raw_20061130160926018_98_S23195_I31047.nii.gz,T1,T1,16.86;83.14
ADNI_019_S_4680_MR_MPRAGE_br_raw_20120425161952913_119_S148323_I300530.nii.gz,T1,T1,9.97;90.03
ADNI_130_S_0969_MR_Axial_PD_T2_FSE__br_raw_20070507161535051_1_S31838_I53681.nii.gz,PD,PD,57.20;42.80
ADNI_136_S_1227_MR_Axial_PD_T2_FSE__br_raw_20090324115717125_1_S64944_I139666.nii.gz,PD,PD,70.38;29.62
ADNI_019_S_4680_MR_MPRAGE_br_raw_20130506153323367_138_S188697_I370446.nii.gz,T1,T1,10.37;89.63
ADNI_072_S_2093_MR_MPRAGE_br_raw_20101008113901264_124_S93143_I195820.nii.gz,T1,T1,18.72;81.28
ADNI_099_S_0958_MR_MPRAGE_br_raw_20130418083020260_62_S187330_I367798.nii.gz,T1,T1,8.12;91.88
ADNI_128_S_0272_MR_FSE_PD_T2__br_raw_20060322195021705_1_S12392_I12310.nii.gz,PD,PD,92.99;7.01
ADNI_029_S_0871_MR_Axial_PD_T2_FSE__br_raw_20061219112517328_1_S24244_I33715.nii.gz,PD,PD,74.92;25.08
ADNI_037_S_0552_MR_FSE_PD_T2__br_raw_20071205134712285_1_S43377_I84213.nii.gz,PD,PD,87.77;12.23
ADNI_006_S_4960_MR_MPRAGE_br_raw_20130110143255350_50_S179857_I354588.nii.gz,T1,T1,16.08;83.92
ADNI_031_S_4042_MR_MPRAGE_br_raw_20111208145152328_143_S132230_I270579.nii.gz,T1,T1,15.64;84.36
ADNI_130_S_4982_MR_MPRAGE_br_raw_20131025160825614_168_S204906_I395985.nii.gz,T1,T1,11.07;88.93
ADNI_123_S_4806_MR_MPRAGE_br_raw_20120622140227509_72_S154998_I311954.nii.gz,T1,T1,6.17;93.83
ADNI_130_S_0102_MR_Axial_PD_T2_FSE__br_raw_20060802140510683_1_S17520_I20067.nii.gz,PD,PD,76.90;23.10
ADNI_035_S_4114_MR_MPRAGE_br_raw_20111109174341908_153_S128616_I265609.nii.gz,T1,T1,5.17;94.83
ADNI_073_S_4216_MR_MPRAGE_br_raw_20111206161042652_46_S132049_I270290.nii.gz,T1,T1,4.15;95.85
ADNI_033_S_0733_MR_MPRAGE_br_raw_20070814121736400_98_S37309_I67598.nii.gz,T1,T1,2.57;97.43
ADNI_941_S_4187_MR_MPRAGE_br_raw_20120831083349671_159_S165483_I329496.nii.gz,T1,T1,3.62;96.38
ADNI_023_S_1104_MR_MPRAGE_br_raw_20061116082948343_1_S22578_I29738.nii.gz,T1,T1,15.63;84.37
ADNI_016_S_0769_MR_t2_fse_ax_fs_br_raw_20060828100817013_1_S18295_I23427.nii.gz,PD,T1,29.20;70.80
ADNI_016_S_1121_MR_MPRAGE_br_raw_20080723113952608_98_S53958_I114056.nii.gz,T1,T1,3.14;96.86
ADNI_031_S_0351_MR_FSE_PD_T2__br_raw_20061103105449250_99_S21907_I28620.nii.gz,PD,PD,94.11;5.89
ADNI_068_S_4061_MR_MPRAGE_br_raw_20110920161525038_136_S122802_I257082.nii.gz,T1,T1,5.41;94.59
ADNI_116_S_4625_MR_MPRAGE_br_raw_20121019145744642_4_S171482_I341366.nii.gz,T1,T1,4.54;95.46
ADNI_023_S_0331_MR_MPRAGE_br_raw_20060412131809068_1_S13168_I13417.nii.gz,T1,T1,6.68;93.32
ADNI_073_S_4795_MR_MPRAGE_br_raw_20130404093946376_31_S185911_I365455.nii.gz,T1,T1,7.09;92.91
ADNI_051_S_1072_MR_MPRAGE_br_raw_20061124123244310_125_S22884_I30446.nii.gz,T1,T1,11.38;88.62
ADNI_130_S_4817_MR_MPRAGE_br_raw_20160726100308186_142_S487316_I761004.nii.gz,T1,T1,25.05;74.95
ADNI_067_S_4184_MR_MPRAGE_br_raw_20110908150619275_63_S121507_I255147.nii.gz,T1,T1,7.10;92.90
ADNI_003_S_1057_MR_MPRAGE_br_raw_20100217150708453_60_S80181_I166383.nii.gz,T1,T1,9.99;90.01
ADNI_036_S_2378_MR_MPRAGE_br_raw_20130722082001249_168_S195929_I381814.nii.gz,T1,T1,4.81;95.19
ADNI_137_S_0994_MR_Axial_PD_T2_FSE__br_raw_20091201142716507_1_S76840_I159946.nii.gz,PD,PD,86.25;13.75
ADNI_035_S_4114_MR_MPRAGE_br_raw_20140723160420144_61_S224652_I435006.nii.gz,T1,T1,5.74;94.26
ADNI_126_S_0606_MR_Axial_PD_T2_FSE__br_raw_20070730122103848_97_S36582_I62815.nii.gz,PD,PD,84.31;15.69
ADNI_053_S_0507_MR_Axial_PD_T2_FSE__br_raw_20061213081836633_1_S23927_I32947.nii.gz,PD,PD,78.05;21.95
ADNI_123_S_4127_MR_MPRAGE_br_raw_20111115142655668_88_S129407_I266643.nii.gz,T1,T1,4.46;95.54
ADNI_032_S_5289_MR_MPRAGE_br_raw_20140519150002278_159_S218815_I425106.nii.gz,T1,T1,4.79;95.21
ADNI_029_S_1184_MR_Axial_PD_T2_FSE__br_raw_20070124102148067_1_S25462_I37349.nii.gz,PD,PD,72.15;27.85
ADNI_130_S_0285_MR_Axial_PD_T2_FSE__br_raw_20140724102859326_37_S225729_I436537.nii.gz,PD,PD,66.86;33.14
ADNI_003_S_1057_MR_MPRAGE_br_raw_20080225152023802_98_S46176_I92523.nii.gz,T1,T1,11.05;88.95
ADNI_033_S_0906_MR_Axial_PD_T2_FSE__br_raw_20081010111445168_1_S57248_I120063.nii.gz,PD,PD,71.71;28.29
ADNI_130_S_0285_MR_Axial_PD_T2_FSE__br_raw_20110406144847026_43_S103392_I226490.nii.gz,PD,PD,74.75;25.25
ADNI_098_S_0667_MR_Axial_PD_T2_FSE__br_raw_20070823164719234_1_S38226_I70082.nii.gz,PD,PD,82.83;17.17
ADNI_027_S_0485_MR_Axial_PD_T2_FSE__br_raw_20060510163043287_1_S14206_I14926.nii.gz,PD,PD,82.67;17.33
ADNI_072_S_2027_MR_MPRAGE_br_raw_20110218125238394_79_S100128_I218230.nii.gz,T1,T1,4.85;95.15
ADNI_037_S_4432_MR_MPRAGE_br_raw_20120501153838456_142_S148786_I301273.nii.gz,T1,T1,5.67;94.33
ADNI_019_S_5019_MR_MPRAGE_br_raw_20140221185900261_9_S213190_I415207.nii.gz,T1,T1,12.56;87.44
ADNI_002_S_1018_MR_Axial_PD_T2_FSE__br_raw_20061129231927228_1_S23126_I30873.nii.gz,PD,PD,70.30;29.70
ADNI_052_S_1054_MR_Axial_PD_T2_FSE__br_raw_20061128113129125_1_S22953_I30579.nii.gz,PD,PD,54.72;45.28
ADNI_130_S_0285_MR_Axial_PD_T2_FSE__br_raw_20100416163045147_87_S83438_I171253.nii.gz,PD,PD,64.29;35.71
ADNI_094_S_1397_MR_Axial_PD_T2_FSE__br_raw_20080519103553546_1_S50304_I106048.nii.gz,PD,PD,70.41;29.59
ADNI_013_S_2389_MR_MPRAGE_br_raw_20120224115824165_138_S141701_I286423.nii.gz,T1,T1,19.67;80.33
ADNI_067_S_5205_MR_MPRAGE_br_raw_20130910084332718_127_S200178_I389098.nii.gz,T1,T1,4.96;95.04
ADNI_010_S_0422_MR_MPRAGE_br_raw_20070405102809443_76_S29318_I48187.nii.gz,T1,T1,18.53;81.47
ADNI_037_S_4028_MR_MPRAGE_br_raw_20120507155215224_174_S149311_I302020.nii.gz,T1,T1,7.87;92.13
ADNI_137_S_0669_MR_Axial_PD_T2_FSE__br_raw_20060721145033592_1_S17102_I19421.nii.gz,PD,PD,97.41;2.59
ADNI_031_S_0351_MR_FSE_PD_T2__br_raw_20061003115123359_1_S13462_I13785.nii.gz,PD,PD,94.28;5.72
ADNI_041_S_4513_MR_MPRAGE_br_raw_20120229153114831_145_S142100_I287125.nii.gz,T1,T1,3.72;96.28
ADNI_137_S_4623_MR_MPRAGE_br_raw_20120716133851780_134_S157685_I316426.nii.gz,T1,T1,9.21;90.79
ADNI_037_S_0552_MR_FSE_PD_T2__br_raw_20060524152728306_1_S14887_I15968.nii.gz,PD,PD,86.65;13.35
ADNI_037_S_4706_MR_MPRAGE_br_raw_20160518092456848_21_S442613_I709520.nii.gz,T1,T1,5.75;94.25
ADNI_128_S_0528_MR_FSE_PD_T2__br_raw_20060517221711342_1_S14628_I15554.nii.gz,PD,PD,86.50;13.50
ADNI_031_S_4042_MR_MPRAGE_br_raw_20130221141013704_141_S182868_I360940.nii.gz,T1,T1,17.61;82.39
ADNI_019_S_5019_MR_MPRAGE_br_raw_20130212132253164_128_S182045_I358814.nii.gz,T1,T1,13.76;86.24
ADNI_006_S_0498_MR_Axial_PD_T2_FSE__br_raw_20061005155738687_1_S19761_I25789.nii.gz,PD,PD,82.82;17.18
ADNI_128_S_4745_MR_MPRAGE_br_raw_20120608092649693_147_S153274_I308772.nii.gz,T1,T1,7.42;92.58
ADNI_029_S_0843_MR_Axial_PD_T2_FSE__br_raw_20060914163004070_1_S18906_I24403.nii.gz,PD,PD,81.88;18.12
ADNI_116_S_0890_MR_FSE_PD_T2__br_raw_20070803133116481_95_S36892_I64544.nii.gz,PD,PD,92.99;7.01
ADNI_136_S_0579_MR_Axial_PD_T2_FSE__br_raw_20060629122554861_1_S15950_I17655.nii.gz,PD,PD,74.42;25.58
ADNI_052_S_0989_MR_Axial_PD_T2_FSE__br_raw_20111220131409296_89_S131964_I270169.nii.gz,PD,PD,59.13;40.87
ADNI_033_S_0906_MR_Axial_PD_T2_FSE__br_raw_20080410161350916_1_S48616_I102185.nii.gz,PD,PD,71.62;28.38
ADNI_072_S_4941_MR_MPRAGE_br_raw_20130416132850708_35_S187082_I367383.nii.gz,T1,T1,4.20;95.80
ADNI_133_S_0488_MR_Axial_PD_T2_FSE__br_raw_20060517180448528_1_S14607_I15517.nii.gz,PD,PD,76.65;23.35
ADNI_037_S_4381_MR_MPRAGE_br_raw_20130128145731238_37_S181073_I356409.nii.gz,T1,T1,6.86;93.14
ADNI_035_S_4114_MR_MPRAGE_br_raw_20130729120225230_153_S196806_I382924.nii.gz,T1,T1,5.06;94.94
ADNI_011_S_0856_MR_MPRAGE_br_raw_20071001100539329_99_S40766_I76347.nii.gz,T1,T1,9.78;90.22
ADNI_127_S_0754_MR_Axial_PD_T2_FSE__br_raw_20071008105138549_1_S41084_I77107.nii.gz,PD,PD,70.75;29.25
ADNI_007_S_0128_MR_Axial_PD_T2_FSE__br_raw_20070216001752401_1_S26560_I40475.nii.gz,PD,PD,69.92;30.08
ADNI_073_S_4360_MR_MPRAGE_br_raw_20120217165221544_149_S141196_I285631.nii.gz,T1,T1,6.97;93.03
ADNI_011_S_4235_MR_MPRAGE_br_raw_20111219125453994_7_S133813_I273063.nii.gz,T1,T1,3.87;96.13
ADNI_123_S_4127_MR_MPRAGE_br_raw_20120806132001118_46_S159610_I321733.nii.gz,T1,T1,4.51;95.49
ADNI_009_S_4741_MR_MPRAGE_br_raw_20120614105529910_44_S153992_I310559.nii.gz,T1,T1,2.94;97.06
ADNI_011_S_4235_MR_MPRAGE_br_raw_20121012095216181_77_S170649_I339811.nii.gz,T1,T1,4.12;95.88
ADNI_116_S_4625_MR_MPRAGE_br_raw_20120629120631998_83_S156026_I313538.nii.gz,T1,T1,4.18;95.82
ADNI_035_S_4414_MR_MPRAGE_br_raw_20120927112448150_53_S168913_I336978.nii.gz,T1,T1,5.70;94.30
ADNI_053_S_0507_MR_MPRAGE_br_raw_20070611125448937_86_S33393_I56652.nii.gz,T1,T1,8.31;91.69
ADNI_131_S_0691_MR_Axial_PD_T2_FSE__br_raw_20070209130133542_1_S26206_I38874.nii.gz,PD,PD,83.90;16.10
ADNI_013_S_2389_MR_MPRAGE_br_raw_20110624150420867_166_S112355_I241411.nii.gz,T1,T1,13.39;86.61
ADNI_068_S_4274_MR_MPRAGE_br_raw_20111011091638224_71_S125012_I260437.nii.gz,T1,T1,3.86;96.14
ADNI_051_S_1072_MR_MPRAGE_br_raw_20080219130412984_90_S45849_I90755.nii.gz,T1,T1,3.24;96.76
ADNI_114_S_0410_MR_MPRAGE_br_raw_20070423140609230_95_S30132_I49966.nii.gz,T1,T1,19.65;80.35
ADNI_072_S_4063_MR_MPRAGE_br_raw_20111220125557143_19_S134032_I273334.nii.gz,T1,T1,5.87;94.13
ADNI_072_S_4769_MR_MPRAGE_br_raw_20130123131612323_132_S180722_I355868.nii.gz,T1,T1,4.66;95.34
ADNI_011_S_4235_MR_MPRAGE_br_raw_20110926120955539_147_S123401_I258013.nii.gz,T1,T1,3.64;96.36
ADNI_002_S_0729_MR_Axial_PD_T2_FSE__br_raw_20070225110205112_95_S27090_I41584.nii.gz,PD,PD,77.56;22.44
ADNI_027_S_1385_MR_Axial_PD_T2_FSE__br_raw_20080318142421756_1_S47221_I98765.nii.gz,PD,PD,70.39;29.61
ADNI_072_S_2116_MR_MPRAGE_br_raw_20111118120810002_27_S130134_I267566.nii.gz,T1,T1,3.58;96.42
ADNI_013_S_4268_MR_MPRAGE_br_raw_20121126133540005_134_S175407_I347751.nii.gz,T1,T1,14.20;85.80
ADNI_072_S_4226_MR_MPRAGE_br_raw_20120420103505967_162_S147944_I299100.nii.gz,T1,T1,5.60;94.40
ADNI_135_S_4954_MR_MPRAGE_br_raw_20120924115236764_47_S168533_I336502.nii.gz,T1,T1,4.79;95.21
ADNI_051_S_1072_MR_MPRAGE_br_raw_20111219134514093_130_S133784_I273027.nii.gz,T1,T1,11.37;88.63
ADNI_016_S_1121_MR_MPRAGE_br_raw_20091217105049466_101_S77265_I161032.nii.gz,T1,T1,8.13;91.87
ADNI_003_S_0908_MR_MPRAGE_br_raw_20080508160115150_98_S49795_I104926.nii.gz,T1,T1,9.52;90.48
ADNI_053_S_0507_MR_MPRAGE_br_raw_20071127134041734_86_S43020_I83429.nii.gz,T1,T1,7.92;92.08
ADNI_031_S_4590_MR_MPRAGE_br_raw_20120615175051517_6_S154131_I310768.nii.gz,T1,T1,21.31;78.69
ADNI_016_S_1121_MR_MPRAGE_br_raw_20071217104051361_98_S43926_I85146.nii.gz,T1,T1,11.68;88.32
ADNI_002_S_1155_MR_Axial_PD_T2_FSE__br_raw_20140708154207778_47_S97233_I209897.nii.gz,PD,PD,77.50;22.50
ADNI_137_S_0994_MR_Axial_PD_T2_FSE__br_raw_20061101131830025_1_S21635_I28270.nii.gz,PD,PD,90.75;9.25
ADNI_136_S_0300_MR_Axial_PD_T2_FSE__br_raw_20080520133518362_1_S50399_I106253.nii.gz,PD,PD,75.70;24.30
ADNI_033_S_0906_MR_Axial_PD_T2_FSE__br_raw_20111017102148559_47_S125414_I261108.nii.gz,PD,PD,91.40;8.60
ADNI_029_S_1073_MR_Axial_PD_T2_FSE__br_raw_20081209105639382_95_S60651_I129685.nii.gz,PD,PD,63.75;36.25
ADNI_037_S_4381_MR_MPRAGE_br_raw_20140321135904940_31_S214629_I417543.nii.gz,T1,T1,9.94;90.06
ADNI_033_S_0511_MR_Axial_PD_T2_FSE__br_raw_20080609133218242_1_S51222_I108827.nii.gz,PD,PD,76.86;23.14
ADNI_133_S_0913_MR_Axial_PD_T2_FSE__br_raw_20070719130658441_95_S35317_I60886.nii.gz,PD,PD,70.97;29.03
ADNI_130_S_0285_MR_Axial_PD_T2_FSE__br_raw_20080721121935451_21_S53675_I113592.nii.gz,PD,PD,72.38;27.62
ADNI_127_S_1382_MR_Axial_PD_T2_FSE__br_raw_20080425135406486_1_S49317_I103997.nii.gz,PD,PD,62.56;37.44
ADNI_133_S_0727_MR_Axial_PD_T2_FSE__br_raw_20070315160251281_1_S28175_I44866.nii.gz,PD,PD,73.59;26.41
ADNI_031_S_2233_MR_MPRAGE_br_raw_20120105170750508_129_S135532_I275535.nii.gz,T1,T1,16.91;83.09
ADNI_037_S_2103_MR_MPRAGE_br_raw_20101020155808724_40_S93523_I197858.nii.gz,T1,T1,4.98;95.02
ADNI_136_S_0300_MR_Axial_PD_T2_FSE__br_raw_20060510100051882_1_S14135_I14814.nii.gz,PD,PD,82.65;17.35
ADNI_023_S_4448_MR_MPRAGE_br_raw_20120820151958883_125_S161685_I324988.nii.gz,T1,T1,6.91;93.09
ADNI_031_S_2233_MR_MPRAGE_br_raw_20130110130941998_126_S179865_I354599.nii.gz,T1,T1,17.59;82.41
ADNI_114_S_0410_MR_MPRAGE_br_raw_20071102165911464_98_S42230_I80580.nii.gz,T1,T1,13.64;86.36
ADNI_130_S_4468_MR_MPRAGE_br_raw_20120815103159815_160_S160836_I323819.nii.gz,T1,T1,17.11;82.89
ADNI_072_S_4063_MR_MPRAGE_br_raw_20150506140048747_27_S257790_I489820.nii.gz,T1,T1,4.96;95.04
ADNI_098_S_0667_MR_Axial_PD_T2_FSE__br_raw_20060629100042451_1_S15978_I17700.nii.gz,PD,PD,73.37;26.63
ADNI_067_S_1253_MR_MPRAGE_br_raw_20070918092448786_98_S39399_I73490.nii.gz,T1,T1,4.67;95.33
ADNI_029_S_0999_MR_Axial_PD_T2_FSE__br_raw_20061201100622693_1_S23247_I31237.nii.gz,PD,PD,70.68;29.32
ADNI_128_S_0522_MR_FSE_PD_T2__br_raw_20060521181017592_97_S14789_I15816.nii.gz,PD,PD,94.88;5.12
ADNI_067_S_1185_MR_MPRAGE_br_raw_20070123155949189_63_S25394_I37256.nii.gz,T1,T1,2.09;97.91
ADNI_130_S_4817_MR_MPRAGE_br_raw_20150603131414841_84_S261963_I495752.nii.gz,T1,T1,16.81;83.19
ADNI_053_S_0621_MR_Axial_PD_T2_FSE__br_raw_20080619094323890_1_S51871_I110156.nii.gz,PD,PD,70.62;29.38
ADNI_130_S_4817_MR_MPRAGE_br_raw_20130123123944983_69_S180711_I355852.nii.gz,T1,T1,17.82;82.18
ADNI_072_S_4769_MR_MPRAGE_br_raw_20120713095255501_131_S157503_I316181.nii.gz,T1,T1,4.09;95.91
ADNI_067_S_5205_MR_MPRAGE_br_raw_20130617123032185_46_S192528_I376818.nii.gz,T1,T1,4.68;95.32
ADNI_136_S_0300_MR_Axial_PD_T2_FSE__br_raw_20061116163848262_1_S22630_I29958.nii.gz,PD,PD,82.65;17.35
ADNI_036_S_4715_MR_MPRAGE_br_raw_20130607095621719_10_S191631_I375534.nii.gz,T1,T1,7.91;92.09
ADNI_137_S_0443_MR_Axial_PD_T2_FSE__br_raw_20070301143224569_1_S27312_I42096.nii.gz,PD,PD,94.32;5.68
ADNI_131_S_0691_MR_Axial_PD_T2_FSE__br_raw_20060816165956271_1_S17945_I20679.nii.gz,PD,PD,82.84;17.16
ADNI_116_S_0834_MR_FSE_PD_T2__br_raw_20101103163343843_45_S94161_I202103.nii.gz,PD,PD,92.03;7.97
ADNI_002_S_1155_MR_Axial_PD_T2_FSE__br_raw_20061215204831138_1_S24143_I33392.nii.gz,PD,PD,81.53;18.47
ADNI_035_S_4414_MR_MPRAGE_br_raw_20140410162342020_60_S215029_I418166.nii.gz,T1,T1,5.40;94.60
ADNI_003_S_1057_MR_MPRAGE_br_raw_20061204130020875_98_S23345_I31613.nii.gz,T1,T1,12.64;87.36
ADNI_020_S_1288_MR_MPRAGE_br_raw_20070221225107593_50_S26890_I41244.nii.gz,T1,T1,10.93;89.07
ADNI_053_S_0507_MR_MPRAGE_br_raw_20090520145050265_86_S67528_I144296.nii.gz,T1,T1,6.88;93.12
ADNI_036_S_0672_MR_MPRAGE_br_raw_20070212141047354_1_S26330_I39398.nii.gz,T1,T1,12.22;87.78
ADNI_094_S_1330_MR_Axial_PD_T2_FSE__br_raw_20080917104357939_1_S56493_I118020.nii.gz,PD,PD,78.61;21.39
ADNI_041_S_0679_MR_MPRAGE_br_raw_20080201090027105_98_S45243_I89201.nii.gz,T1,T1,12.10;87.90
ADNI_037_S_0552_MR_FSE_PD_T2__br_raw_20080618091857225_1_S51790_I110027.nii.gz,PD,PD,87.89;12.11
ADNI_013_S_2324_MR_MPRAGE_br_raw_20110328152402908_29_S102467_I225055.nii.gz,T1,T1,20.73;79.27
ADNI_031_S_0321_MR_FSE_PD_T2__br_raw_20061003110642875_1_S12367_I12269.nii.gz,PD,PD,90.56;9.44
ADNI_023_S_4502_MR_MPRAGE_br_raw_20160412110657596_169_S417003_I678770.nii.gz,T1,T1,6.13;93.87
ADNI_021_S_0273_MR_Axial_PD_T2_FSE__br_raw_20080402103716534_83_S47804_I100102.nii.gz,PD,PD,95.42;4.58
ADNI_128_S_4599_MR_MPRAGE_br_raw_20120629094446886_148_S155992_I313456.nii.gz,T1,T1,5.89;94.11
ADNI_014_S_4039_MR_MPRAGE_br_raw_20110603075656539_127_S110533_I238745.nii.gz,T1,T1,3.13;96.87
ADNI_072_S_2116_MR_MPRAGE_br_raw_20131106165008558_156_S205591_I397534.nii.gz,T1,T1,2.98;97.02
ADNI_037_S_1078_MR_FSE_PD_T2__br_raw_20061130140125065_1_S23177_I30958.nii.gz,PD,PD,90.87;9.13
ADNI_033_S_0922_MR_Axial_PD_T2_FSE__br_raw_20071016100150194_11_S41527_I77849.nii.gz,PD,PD,64.98;35.02
ADNI_053_S_1044_MR_Axial_PD_T2_FSE__br_raw_20061027160700663_1_S21254_I27781.nii.gz,PD,PD,77.01;22.99
ADNI_136_S_0874_MR_Axial_PD_T2_FSE__br_raw_20080604085848702_1_S50989_I108358.nii.gz,PD,PD,63.86;36.14
ADNI_126_S_0606_MR_Axial_PD_T2_FSE__br_raw_20070101014359667_1_S25748_I37832.nii.gz,PD,PD,84.43;15.57
ADNI_130_S_0285_MR_Axial_PD_T2_FSE__br_raw_20060325153751305_1_S12460_I12422.nii.gz,PD,PD,67.38;32.62
ADNI_072_S_2093_MR_MPRAGE_br_raw_20121011134038614_156_S170472_I339529.nii.gz,T1,T1,7.64;92.36
ADNI_116_S_4625_MR_MPRAGE_br_raw_20120405131840016_174_S146475_I296138.nii.gz,T1,T1,4.47;95.53
ADNI_041_S_4271_MR_MPRAGE_br_raw_20121022135116323_19_S171630_I341561.nii.gz,T1,T1,5.59;94.41
ADNI_007_S_0128_MR_Axial_PD_T2_FSE__br_raw_20060118153534820_1_S10940_I10011.nii.gz,PD,PD,67.36;32.64
ADNI_033_S_0922_MR_Axial_PD_T2_FSE__br_raw_20071016100212429_81_S41528_I77850.nii.gz,PD,PD,64.06;35.94
ADNI_037_S_4028_MR_MPRAGE_br_raw_20110425125155063_168_S105075_I228854.nii.gz,T1,T1,8.89;91.11
ADNI_073_S_5023_MR_MPRAGE_br_raw_20130404093643112_103_S185900_I365441.nii.gz,T1,T1,6.68;93.32
ADNI_012_S_4642_MR_MPRAGE_br_raw_20120411102800059_1_S146874_I296878.nii.gz,T1,T1,13.81;86.19
ADNI_033_S_1309_MR_Axial_PD_T2_FSE__br_raw_20080904095033485_63_S56169_I117391.nii.gz,PD,PD,76.44;23.56
ADNI_130_S_0449_MR_Axial_PD_T2_FSE__br_raw_20070227175058415_3_S27199_I41757.nii.gz,PD,PD,69.01;30.99
ADNI_031_S_2233_MR_MPRAGE_br_raw_20140227162454527_50_S213460_I415615.nii.gz,T1,T1,15.85;84.15
ADNI_051_S_1072_MR_MPRAGE_br_raw_20100318151610406_155_S81262_I168101.nii.gz,T1,T1,3.34;96.66
ADNI_021_S_0753_MR_Axial_PD_T2_FSE__br_raw_20081008145519156_19_S57134_I119753.nii.gz,PD,PD,94.92;5.08
ADNI_002_S_2073_MR_MPRAGE_br_raw_20120206144016410_22_S123040_I257483.nii.gz,T1,T1,11.23;88.77
ADNI_041_S_4874_MR_MPRAGE_br_raw_20121106114830990_116_S173353_I344059.nii.gz,T1,T1,5.19;94.81
ADNI_006_S_0322_MR_Axial_PD_T2_FSE__br_raw_20060620104041656_1_S15657_I17195.nii.gz,PD,PD,79.83;20.17
ADNI_021_S_0332_MR_Axial_PD_T2_FSE__br_raw_20061019114236735_87_S20321_I26589.nii.gz,PD,PD,94.07;5.93
ADNI_052_S_0671_MR_Axial_PD_T2_FSE__br_raw_20080907142308562_1_S56262_I117577.nii.gz,PD,PD,67.64;32.36
ADNI_033_S_0906_MR_Axial_PD_T2_FSE__br_raw_20091002155933835_51_S74385_I155982.nii.gz,PD,PD,70.59;29.41
ADNI_067_S_0029_MR_MPRAGE_br_raw_20051014123219304_63_S9905_I8023.nii.gz,T1,T1,10.41;89.59
ADNI_033_S_1309_MR_Axial_PD_T2_FSE__br_raw_20070209121129403_1_S26193_I38835.nii.gz,PD,PD,80.71;19.29
ADNI_130_S_0289_MR_Axial_PD_T2_FSE__br_raw_20071011131636031_31_S41272_I77457.nii.gz,PD,PD,71.08;28.92
ADNI_027_S_0256_MR_Axial_PD_T2_FSE__br_raw_20060322111353004_1_S12356_I12249.nii.gz,PD,PD,77.30;22.70
ADNI_137_S_4227_MR_MPRAGE_br_raw_20110921100434604_168_S122848_I257210.nii.gz,T1,T1,9.83;90.17
ADNI_031_S_0321_MR_FSE_PD_T2__br_raw_20061102154648515_1_S21845_I28545.nii.gz,PD,PD,92.65;7.35
ADNI_073_S_4360_MR_MPRAGE_br_raw_20120608164648165_115_S153358_I308901.nii.gz,T1,T1,7.17;92.83
ADNI_136_S_0107_MR_Axial_PD_T2_FSE__br_raw_20090603130958262_1_S68217_I145343.nii.gz,PD,PD,72.82;27.18
ADNI_021_S_0231_MR_Axial_PD_T2_FSE__br_raw_20070322132334372_79_S28703_I46244.nii.gz,PD,PD,95.19;4.81
ADNI_019_S_5019_MR_MPRAGE_br_raw_20121108144452760_162_S173809_I345563.nii.gz,T1,T1,12.43;87.57
ADNI_036_S_4894_MR_MPRAGE_br_raw_20121113091949670_141_S174315_I346266.nii.gz,T1,T1,3.82;96.18
ADNI_032_S_5289_MR_MPRAGE_br_raw_20151116124758153_61_S308770_I554273.nii.gz,T1,T1,5.44;94.56
ADNI_053_S_0621_MR_Axial_PD_T2_FSE__br_raw_20060613091657703_1_S15439_I16861.nii.gz,PD,PD,81.02;18.98
ADNI_127_S_0754_MR_Axial_PD_T2_FSE__br_raw_20070313184349238_1_S28058_I44617.nii.gz,PD,PD,74.26;25.74
ADNI_023_S_4448_MR_MPRAGE_br_raw_20120126104250776_22_S138556_I280812.nii.gz,T1,T1,6.27;93.73
ADNI_131_S_5138_MR_MPRAGE_br_raw_20130417113829938_29_S187196_I367565.nii.gz,T1,T1,15.98;84.02
ADNI_098_S_0269_MR_Axial_PD_T2_FSE__br_raw_20060305150140156_95_S11962_I11613.nii.gz,PD,PD,82.55;17.45
ADNI_018_S_5240_MR_MPRAGE_br_raw_20130723160412209_118_S196225_I382181.nii.gz,T1,T1,19.39;80.61
ADNI_130_S_4468_MR_MPRAGE_br_raw_20120511115332960_135_S150039_I303042.nii.gz,T1,T1,18.64;81.36
ADNI_052_S_0989_MR_Axial_PD_T2_FSE__br_raw_20120629123030418_91_S155985_I313446.nii.gz,PD,PD,73.54;26.46
ADNI_033_S_0906_MR_Axial_PD_T2_FSE__br_raw_20070427101834239_1_S30929_I51652.nii.gz,PD,PD,70.46;29.54
ADNI_037_S_0627_MR_FSE_PD_T2__br_raw_20060707133952559_1_S16311_I18217.nii.gz,PD,PD,86.06;13.94
ADNI_009_S_4741_MR_MPRAGE_br_raw_20121016110224596_65_S170966_I340266.nii.gz,T1,T1,3.79;96.21
ADNI_027_S_1082_MR_Axial_PD_T2_FSE__br_raw_20071205092401182_1_S43333_I84143.nii.gz,PD,PD,79.15;20.85
ADNI_116_S_4195_MR_MPRAGE_br_raw_20130909124011588_40_S199962_I388747.nii.gz,T1,T1,3.02;96.98
ADNI_031_S_4194_MR_MPRAGE_br_raw_20130909132441859_46_S199919_I388691.nii.gz,T1,T1,11.96;88.04
ADNI_094_S_1417_MR_Axial__STRAIGHT__PD_T2_FSE_br_raw_20070716154519890_1_S35041_I60173.nii.gz,PD,PD,75.69;24.31
ADNI_016_S_0769_MR_MPRAGE_br_raw_20070828133454927_98_S38593_I70745.nii.gz,T1,T1,2.37;97.63
ADNI_094_S_1015_MR_Axial__STRAIGHT__PD_T2_FSE_br_raw_20070525113556053_1_S32638_I55204.nii.gz,PD,PD,75.90;24.10
ADNI_136_S_0579_MR_Axial_PD_T2_FSE__br_raw_20070110084231079_1_S24876_I35683.nii.gz,PD,PD,74.85;25.15
ADNI_098_S_0269_MR_Axial_PD_T2_FSE__br_raw_20070416162728640_1_S29777_I49265.nii.gz,PD,PD,75.77;24.23
ADNI_035_S_4114_MR_MPRAGE_br_raw_20160826112041595_1_S494136_I769854.nii.gz,T1,T1,5.43;94.57
ADNI_116_S_4625_MR_MPRAGE_br_raw_20130404142108923_112_S185947_I365505.nii.gz,T1,T1,5.29;94.71
ADNI_053_S_0919_MR_Axial_PD_T2_FSE__br_raw_20091103155056453_1_S75834_I158221.nii.gz,PD,PD,79.14;20.86
ADNI_135_S_5269_MR_MPRAGE_br_raw_20130726163709209_1_S196646_I382724.nii.gz,T1,T1,4.98;95.02
ADNI_136_S_0429_MR_Axial_PD_T2_FSE__br_raw_20071218090250963_1_S43995_I85271.nii.gz,PD,PD,68.83;31.17
ADNI_031_S_2233_MR_MPRAGE_br_raw_20110309143414480_37_S101331_I223352.nii.gz,T1,T1,17.60;82.40
ADNI_031_S_0351_MR_FSE_PD_T2__br_raw_20080422114039161_1_S49088_I103447.nii.gz,PD,PD,93.16;6.84
ADNI_013_S_2324_MR_MPRAGE_br_raw_20120521102417497_148_S151091_I305410.nii.gz,T1,T1,18.80;81.20
ADNI_136_S_0579_MR_Axial_PD_T2_FSE__br_raw_20080121155143019_1_S44766_I87954.nii.gz,PD,PD,75.11;24.89
ADNI_037_S_0627_MR_FSE_PD_T2__br_raw_20070904145457732_95_S38782_I71223.nii.gz,PD,PD,85.99;14.01
ADNI_041_S_4143_MR_MPRAGE_br_raw_20120223163954941_156_S141630_I286332.nii.gz,T1,T1,4.36;95.64
ADNI_022_S_2263_MR_MPRAGE_br_raw_20110427091055614_132_S105274_I229155.nii.gz,T1,T1,3.86;96.14
ADNI_126_S_0606_MR_Axial_PD_T2_FSE__br_raw_20140715135053656_21_S225098_I435640.nii.gz,PD,PD,67.55;32.45
ADNI_123_S_2363_MR_MPRAGE_br_raw_20110803200812984_22_S117345_I248569.nii.gz,T1,T1,4.81;95.19
ADNI_136_S_0874_MR_Axial_PD_T2_FSE__br_raw_20090506154752795_1_S67105_I143281.nii.gz,PD,PD,70.10;29.90
ADNI_123_S_4806_MR_MPRAGE_br_raw_20120924104804418_137_S168513_I336476.nii.gz,T1,T1,3.79;96.21
ADNI_020_S_1288_MR_MPRAGE_br_raw_20080321215719035_98_S47346_I99327.nii.gz,T1,T1,3.66;96.34
ADNI_002_S_0816_MR_Axial_PD_T2_FSE__br_raw_20060831015915155_1_S18408_I23603.nii.gz,PD,PD,53.33;46.67
ADNI_035_S_4114_MR_MPRAGE_br_raw_20120127181302450_44_S138765_I281162.nii.gz,T1,T1,4.67;95.33
ADNI_041_S_1412_MR_MPRAGE_br_raw_20070626110738546_126_S34022_I57763.nii.gz,T1,T1,16.46;83.54
ADNI_130_S_0289_MR_Axial_PD_T2_FSE__br_raw_20061006133414430_47_S19820_I25897.nii.gz,PD,PD,85.64;14.36
ADNI_037_S_4381_MR_MPRAGE_br_raw_20120810134948089_113_S160526_I323138.nii.gz,T1,T1,6.75;93.25
ADNI_094_S_1330_MR_Axial_STRAIGHT_PD_T2_FSE_br_raw_20080401121240233_1_S47765_I100019.nii.gz,PD,PD,62.02;37.98
ADNI_041_S_1412_MR_MPRAGE_br_raw_20080729142019200_97_S54204_I114461.nii.gz,T1,T1,10.67;89.33
ADNI_021_S_0753_MR_Axial_PD_T2_FSE__br_20060804134836684_79_S17578_I20166.nii.gz,PD,PD,94.57;5.43
ADNI_036_S_4715_MR_MPRAGE_br_raw_20120510083254746_63_S149765_I302655.nii.gz,T1,T1,9.50;90.50
ADNI_127_S_0754_MR_Axial_PD_T2_FSE__br_raw_20081007110227798_1_S57020_I119423.nii.gz,PD,PD,68.14;31.86
ADNI_053_S_0507_MR_MPRAGE_br_raw_20090520145007828_86_S67529_I144297.nii.gz,T1,T1,7.16;92.84
ADNI_021_S_0273_MR_Axial_PD_T2_FSE__br_raw_20071005130533370_77_S41006_I76865.nii.gz,PD,PD,95.79;4.21
ADNI_035_S_2074_MR_MPRAGE_br_raw_20110621115348005_18_S112173_I241086.nii.gz,T1,T1,3.12;96.88
ADNI_033_S_0513_MR_Axial_PD_T2_FSE__br_raw_20071129163358372_1_S43163_I83761.nii.gz,PD,PD,77.31;22.69
ADNI_136_S_0107_MR_Axial_PD_T2_FSE__br_raw_20070227160038734_1_S27177_I41725.nii.gz,PD,PD,65.85;34.15
ADNI_033_S_0513_MR_Axial_PD_T2_FSE__br_raw_20060518142856047_1_S14672_I15621.nii.gz,PD,PD,76.37;23.63
ADNI_018_S_2133_MR_MPRAGE_br_raw_20110323105016148_123_S102174_I224638.nii.gz,T1,T1,21.37;78.63
ADNI_072_S_4465_MR_MPRAGE_br_raw_20120820144900330_171_S161681_I324980.nii.gz,T1,T1,5.49;94.51
ADNI_036_S_4715_MR_MPRAGE_br_raw_20120703143458972_101_S156499_I314185.nii.gz,T1,T1,8.94;91.06
ADNI_068_S_2187_MR_MPRAGE_br_raw_20121214120746696_101_S177672_I351554.nii.gz,T1,T1,4.77;95.23
ADNI_094_S_1164_MR_Axial__STRAIGHT__PD_T2_FSE_br_raw_20070703130146279_1_S34365_I58422.nii.gz,PD,PD,66.85;33.15
ADNI_131_S_0691_MR_Axial_PD_T2_FSE__br_raw_20060726142436752_1_S17265_I19657.nii.gz,PD,T1,48.97;51.03
ADNI_123_S_2363_MR_MPRAGE_br_raw_20140501140843797_88_S217564_I423250.nii.gz,T1,T1,5.35;94.65
ADNI_006_S_4960_MR_MPRAGE_br_raw_20121009153309571_118_S170218_I339124.nii.gz,T1,T1,16.19;83.81
ADNI_052_S_0671_MR_Axial_PD_T2_FSE__br_raw_20120710085624999_55_S157055_I315600.nii.gz,PD,PD,69.92;30.08
ADNI_013_S_4268_MR_MPRAGE_br_raw_20120130155232051_9_S138911_I281507.nii.gz,T1,T1,13.89;86.11
ADNI_021_S_0273_MR_Axial_PD_T2_FSE__br_raw_20061006163416913_55_S19836_I25928.nii.gz,PD,PD,96.03;3.97
ADNI_053_S_0919_MR_Axial_PD_T2_FSE__br_raw_20081106115326828_1_S58398_I125396.nii.gz,PD,PD,81.22;18.78
ADNI_037_S_0327_MR_FSE_PD_T2__br_raw_20060419133030043_1_S13471_I13799.nii.gz,PD,PD,94.80;5.20
ADNI_137_S_0669_MR_Axial_PD_T2_FSE__br_raw_20090817122220067_1_S72474_I153244.nii.gz,PD,PD,95.32;4.68
ADNI_116_S_4195_MR_MPRAGE_br_raw_20111209224904843_90_S132574_I271074.nii.gz,T1,T1,2.98;97.02
ADNI_099_S_4480_MR_MPRAGE_br_raw_20120524072732558_61_S151485_I306249.nii.gz,T1,T1,6.58;93.42
ADNI_067_S_4184_MR_MPRAGE_br_raw_20120323114718137_36_S144601_I292453.nii.gz,T1,T1,5.73;94.27
ADNI_130_S_0460_MR_Axial_PD_T2_FSE__br_raw_20060519112753212_1_S14724_I15710.nii.gz,PD,PD,80.36;19.64
ADNI_137_S_0994_MR_MPRAGE_br_raw_20131203102521090_7_S206934_I399834.nii.gz,T1,T1,7.70;92.30
ADNI_052_S_0671_MR_Axial_PD_T2_FSE__br_raw_20091221135424659_17_S77448_I161306.nii.gz,PD,PD,71.43;28.57
ADNI_116_S_0834_MR_FSE_PD_T2__br_raw_20061002115817687_3_S19569_I25469.nii.gz,PD,PD,90.84;9.16
ADNI_002_S_1155_MR_Axial_PD_T2_FSE__br_raw_20100107182818082_1_S78069_I162748.nii.gz,PD,PD,81.05;18.95
ADNI_035_S_4256_MR_MPRAGE_br_raw_20120329125109533_127_S133408_I272337.nii.gz,T1,T1,5.29;94.71
ADNI_002_S_1155_MR_MPRAGE_br_raw_20121227104653698_45_S178671_I352951.nii.gz,T1,T1,10.31;89.69
ADNI_023_S_1104_MR_MPRAGE_br_raw_20061205154154703_85_S23433_I31765.nii.gz,T1,T1,6.24;93.76
ADNI_067_S_4310_MR_MPRAGE_br_raw_20121116121457901_52_S174810_I346957.nii.gz,T1,T1,10.59;89.41
ADNI_033_S_0922_MR_Axial_PD_T2_FSE__br_raw_20071016100149554_109_S41526_I77848.nii.gz,PD,PD,67.86;32.14
ADNI_128_S_4745_MR_MPRAGE_br_raw_20121105140727127_5_S173295_I343980.nii.gz,T1,T1,6.78;93.22
ADNI_136_S_0874_MR_Axial_PD_T2_FSE__br_raw_20071120074608992_1_S42870_I82812.nii.gz,PD,PD,65.85;34.15
ADNI_011_S_4235_MR_MPRAGE_br_raw_20120412145620911_129_S147089_I297208.nii.gz,T1,T1,2.81;97.19
ADNI_053_S_0621_MR_Axial_PD_T2_FSE__br_raw_20070709085808750_1_S34520_I58750.nii.gz,PD,PD,71.20;28.80
ADNI_130_S_0449_MR_Axial_PD_T2_FSE__br_raw_20061108155616714_25_S22249_I29163.nii.gz,PD,PD,72.43;27.57
ADNI_016_S_0769_MR_MPRAGE_br_raw_20060906101723494_98_S18541_I23823.nii.gz,T1,T1,2.66;97.34
ADNI_067_S_0029_MR_MPRAGE_br_raw_20051014123058512_23_S9904_I8022.nii.gz,T1,T1,12.72;87.28
ADNI_006_S_4960_MR_MPRAGE_br_raw_20130507152033334_34_S188811_I371401.nii.gz,T1,T1,18.29;81.71
ADNI_009_S_4741_MR_MPRAGE_br_raw_20120614105346910_172_S153990_I310556.nii.gz,T1,T1,3.67;96.33
ADNI_137_S_0994_MR_Axial_PD_T2_FSE__br_raw_20070606084927650_95_S33055_I56053.nii.gz,PD,PD,88.96;11.04
ADNI_033_S_0906_MR_Axial_PD_T2_FSE__br_raw_20071004094048628_1_S40953_I76776.nii.gz,PD,PD,73.78;26.22
ADNI_141_S_1378_MR_MPRAGE_br_raw_20080428152640208_98_S49400_I104130.nii.gz,T1,T1,12.68;87.32
ADNI_031_S_2233_MR_MPRAGE_br_raw_20101216170208621_162_S96673_I208975.nii.gz,T1,T1,17.42;82.58
ADNI_137_S_4623_MR_MPRAGE_br_raw_20140509083759509_144_S218195_I424164.nii.gz,T1,T1,10.61;89.39
ADNI_123_S_2363_MR_MPRAGE_br_raw_20120522172804393_105_S149062_I301642.nii.gz,T1,T1,5.48;94.52
ADNI_035_S_2074_MR_MPRAGE_br_raw_20111130103701943_109_S131335_I269243.nii.gz,T1,T1,3.17;96.83
ADNI_005_S_0602_MR_Axial_PD_T2_FSE__br_raw_20060629121536573_1_S15964_I17679.nii.gz,PD,PD,83.41;16.59
ADNI_136_S_0429_MR_Axial_PD_T2_FSE__br_raw_20061219111059851_1_S24230_I33682.nii.gz,PD,PD,70.50;29.50
ADNI_035_S_4256_MR_MPRAGE_br_raw_20130122140313546_31_S180633_I355745.nii.gz,T1,T1,5.99;94.01
ADNI_128_S_4571_MR_MPRAGE_br_raw_20121119131624302_65_S175024_I347246.nii.gz,T1,T1,5.13;94.87
ADNI_053_S_0919_MR_Axial_PD_T2_FSE__br_raw_20080603120709562_1_S50925_I108195.nii.gz,PD,PD,79.25;20.75
ADNI_016_S_1121_MR_MPRAGE_br_raw_20061211091902960_148_S23743_I32472.nii.gz,T1,T1,12.20;87.80
ADNI_135_S_4954_MR_MPRAGE_br_raw_20131015120025431_117_S203852_I394452.nii.gz,T1,T1,4.38;95.62
ADNI_031_S_4194_MR_MPRAGE_br_raw_20120228153111434_4_S141972_I286944.nii.gz,T1,T1,16.18;83.82
ADNI_033_S_0922_MR_Axial_PD_T2_FSE__br_raw_20081015134211722_1_S57455_I121024.nii.gz,PD,PD,74.21;25.79
ADNI_021_S_0753_MR_Axial_PD_T2_FSE__br_raw_20070913144053312_9_S39233_I72989.nii.gz,PD,PD,94.14;5.86
ADNI_031_S_4029_MR_MPRAGE_br_raw_20130426123811672_130_S188073_I368904.nii.gz,T1,T1,13.55;86.45
ADNI_067_S_2304_MR_MPRAGE_br_raw_20130314110223664_123_S184444_I363249.nii.gz,T1,T1,5.64;94.36
ADNI_011_S_0856_MR_MPRAGE_br_raw_20060919123059643_1_S19031_I24603.nii.gz,T1,T1,10.16;89.84
ADNI_036_S_4715_MR_MPRAGE_br_raw_20121127152230455_170_S175532_I348035.nii.gz,T1,T1,7.65;92.35
ADNI_019_S_4680_MR_MPRAGE_br_raw_20121030145218294_65_S172697_I343144.nii.gz,T1,T1,10.87;89.13
ADNI_067_S_2304_MR_MPRAGE_br_raw_20110524104409504_162_S109716_I236800.nii.gz,T1,T1,5.48;94.52
ADNI_130_S_0449_MR_Axial_PD_T2_FSE__br_raw_20080206092826173_7_S45346_I89443.nii.gz,PD,PD,74.44;25.55
ADNI_116_S_2270_MR_MPRAGE_br_raw_20110125143757064_32_S98152_I214100.nii.gz,T1,T1,5.00;95.00
ADNI_041_S_4271_MR_MPRAGE_br_raw_20120426145658630_93_S148400_I300650.nii.gz,T1,T1,5.66;94.34
ADNI_002_S_1155_MR_Axial_PD_T2_FSE__br_raw_20080821235500628_1_S55662_I116610.nii.gz,PD,PD,78.43;21.57
ADNI_072_S_4941_MR_MPRAGE_br_raw_20150506163341734_148_S257854_I489889.nii.gz,T1,T1,3.23;96.77
ADNI_099_S_4480_MR_MPRAGE_br_raw_20130226081034287_158_S183108_I361248.nii.gz,T1,T1,6.51;93.49
ADNI_072_S_2116_MR_MPRAGE_br_raw_20101027115226149_78_S93781_I199331.nii.gz,T1,T1,3.81;96.19
ADNI_128_S_4571_MR_MPRAGE_br_raw_20120627124413929_97_S155738_I313111.nii.gz,T1,T1,4.08;95.92
ADNI_051_S_1072_MR_MPRAGE_br_raw_20100205105213277_98_S79788_I165842.nii.gz,T1,T1,11.53;88.47
ADNI_130_S_0449_MR_Axial_PD_T2_FSE__br_raw_20060601171830905_1_S15122_I16350.nii.gz,PD,PD,70.87;29.13
ADNI_052_S_0989_MR_Axial_PD_T2_FSE__br_raw_20081222152731500_19_S61080_I132117.nii.gz,PD,PD,77.45;22.55
ADNI_023_S_4502_MR_MPRAGE_br_raw_20120625163142249_45_S155376_I312471.nii.gz,T1,T1,5.81;94.19
ADNI_041_S_4874_MR_MPRAGE_br_raw_20120802153254219_33_S159369_I321230.nii.gz,T1,T1,5.48;94.52
ADNI_073_S_4216_MR_MPRAGE_br_raw_20110831151449689_165_S120793_I253741.nii.gz,T1,T1,4.16;95.84
ADNI_136_S_0429_MR_Axial_PD_T2_FSE__br_raw_20060615104705751_103_S15533_I17003.nii.gz,PD,PD,74.04;25.96
ADNI_002_S_2010_MR_MPRAGE_br_raw_20100625000702005_12_S88111_I180310.nii.gz,T1,T1,14.32;85.68
ADNI_018_S_2133_MR_MPRAGE_br_raw_20120124152407639_20_S138311_I280329.nii.gz,T1,T1,12.97;87.03
ADNI_037_S_4706_MR_MPRAGE_br_raw_20120802132206433_15_S159312_I321148.nii.gz,T1,T1,4.52;95.48
ADNI_094_S_1397_MR_Axial__STRAIGHT__PD_T2_FSE_br_raw_20070427161704522_1_S31010_I51787.nii.gz,PD,PD,66.50;33.50
ADNI_073_S_0445_MR_MPRAGE_br_raw_20060620104230908_98_S15683_I17227.nii.gz,T1,T1,11.86;88.14
ADNI_035_S_4114_MR_MPRAGE_br_raw_20150827144457854_125_S270234_I507147.nii.gz,T1,T1,5.52;94.48
ADNI_053_S_0507_MR_MPRAGE_br_raw_20061211202323634_86_S23808_I32606.nii.gz,T1,T1,8.18;91.82
ADNI_053_S_0621_MR_Axial_PD_T2_FSE__br_raw_20070109132800956_1_S24856_I35610.nii.gz,PD,PD,71.59;28.41
ADNI_031_S_4590_MR_MPRAGE_br_raw_20120316145852808_106_S144046_I290642.nii.gz,T1,T1,19.17;80.83
ADNI_033_S_0906_MR_Axial_PD_T2_FSE__br_raw_20101014132152347_73_S93322_I196476.nii.gz,PD,PD,73.22;26.78
ADNI_002_S_1155_MR_Axial_PD_T2_FSE__br_raw_20070621144102363_77_S33919_I57546.nii.gz,PD,PD,74.65;25.35
ADNI_032_S_0147_MR____________MPRAGE__br_raw_20060927180822202_1_S19427_I25239.nii.gz,T1,T1,6.87;93.13
ADNI_014_S_4039_MR_MPRAGE_br_raw_20110915211509403_74_S122237_I256321.nii.gz,T1,T1,4.06;95.94
ADNI_067_S_4310_MR_MPRAGE_br_raw_20120201131904361_88_S139237_I282026.nii.gz,T1,T1,4.25;95.75
ADNI_137_S_0443_MR_Axial_PD_T2_FSE__br_raw_20090813113056083_103_S72310_I152998.nii.gz,PD,PD,94.88;5.12
ADNI_067_S_4212_MR_MPRAGE_br_raw_20110906150423095_88_S121298_I254860.nii.gz,T1,T1,5.33;94.67
ADNI_073_S_4216_MR_MPRAGE_br_raw_20120306164112377_60_S142938_I288536.nii.gz,T1,T1,4.01;95.99
ADNI_037_S_4706_MR_MPRAGE_br_raw_20120510114704184_32_S149834_I302741.nii.gz,T1,T1,4.13;95.87
